FRACCION_REF_ID;DEPTO_REF_ID;FRACCION
1;1;01
2;1;02
3;1;03
4;1;04
5;1;05
6;1;06
7;1;07
8;1;08
9;1;09
10;1;10
11;1;11
12;1;12
13;1;13
14;1;14
15;1;15
16;1;16
17;1;17
18;1;18
19;1;19
20;1;20
21;1;21
22;1;22
23;1;23
24;1;24
25;1;25
26;1;26
27;1;27
28;1;28
29;1;29
30;1;30
31;1;31
32;1;32
33;2;01
34;2;02
35;2;03
36;2;04
37;2;05
38;2;06
39;2;07
40;2;08
41;2;09
42;2;10
43;2;11
44;2;12
45;2;13
46;2;14
47;2;15
48;2;16
49;2;17
50;2;18
51;2;19
52;2;20
53;2;21
54;2;22
55;2;23
56;2;24
57;2;25
58;2;26
59;2;27
60;3;01
61;3;02
62;3;03
63;3;04
64;3;05
65;3;06
66;3;07
67;3;08
68;3;09
69;3;10
70;3;11
71;3;12
72;3;13
73;3;14
74;4;01
75;4;02
76;4;03
77;4;04
78;4;05
79;4;06
80;4;07
81;4;08
82;4;09
83;5;01
84;5;02
85;5;03
86;5;04
87;5;05
88;5;06
89;5;07
90;5;08
91;6;01
92;6;02
93;6;03
94;6;04
95;6;05
96;6;06
97;6;07
98;6;08
99;6;09
100;6;10
101;6;11
102;6;12
103;6;13
104;6;14
105;6;15
106;6;16
107;6;17
108;6;18
109;7;01
110;7;02
111;7;03
112;7;04
113;7;05
114;7;06
115;7;07
116;7;08
117;7;09
118;7;10
119;7;11
120;7;12
121;7;13
122;7;14
123;8;01
124;8;02
125;8;03
126;8;04
127;8;05
128;8;06
129;8;07
130;8;08
131;8;09
132;8;10
133;8;11
134;8;12
135;8;13
136;9;01
137;9;02
138;9;03
139;9;04
140;9;05
141;9;06
142;9;07
143;9;08
144;9;09
145;9;10
146;9;11
147;9;12
148;9;13
149;9;14
150;9;15
151;9;16
152;9;17
153;9;18
154;9;19
155;9;20
156;9;21
157;9;22
158;9;23
159;9;24
160;9;25
161;9;26
162;10;01
163;10;02
164;10;03
165;10;04
166;10;05
167;10;06
168;10;07
169;10;08
170;10;09
171;10;10
172;10;11
173;10;12
174;10;13
175;10;14
176;10;15
177;10;16
178;10;17
179;10;18
180;10;19
181;10;20
182;10;21
183;10;22
184;10;23
185;10;24
186;11;01
187;11;02
188;11;03
189;11;04
190;11;05
191;11;06
192;11;07
193;11;08
194;11;09
195;12;01
196;12;02
197;12;03
198;12;04
199;12;05
200;12;06
201;12;07
202;12;08
203;12;09
204;12;10
205;12;11
206;13;01
207;13;02
208;13;03
209;13;04
210;13;05
211;13;06
212;13;07
213;13;08
214;13;09
215;14;01
216;14;02
217;14;03
218;14;04
219;14;05
220;14;06
221;14;07
222;14;08
223;14;09
224;14;10
225;15;01
226;15;02
227;15;03
228;15;04
229;15;05
230;15;06
231;15;07
232;15;08
233;15;09
234;16;01
235;16;02
236;16;03
237;16;04
238;16;05
239;16;06
240;16;07
241;17;01
242;17;02
243;17;03
244;17;04
245;17;05
246;17;06
247;17;07
248;17;08
249;17;09
250;17;10
251;17;11
252;17;12
253;17;13
254;17;14
255;17;15
256;18;01
257;18;02
258;18;03
259;18;04
260;18;05
261;18;06
262;18;07
263;18;08
264;18;09
265;18;10
266;19;01
267;19;02
268;19;03
269;19;04
270;19;05
271;20;01
272;20;02
273;20;03
274;20;04
275;20;05
276;20;06
277;20;07
278;21;01
279;21;02
280;21;03
281;21;04
282;21;05
283;21;06
284;21;07
285;22;01
286;22;02
287;22;03
288;22;04
289;22;05
290;22;06
291;22;07
292;22;08
293;22;09
294;22;10
295;23;01
296;23;02
297;23;03
298;23;04
299;23;05
300;23;06
301;23;07
302;23;08
303;23;09
304;23;10
305;23;11
306;23;12
307;23;13
308;23;14
309;23;15
310;24;01
311;24;02
312;24;03
313;24;04
314;24;05
315;24;06
316;24;07
317;24;08
318;24;09
319;24;10
320;25;01
321;25;02
322;25;03
323;25;04
324;25;05
325;25;06
326;25;07
327;25;08
328;25;09
329;25;10
330;25;11
331;25;12
332;25;13
333;25;14
334;25;15
335;25;16
336;25;17
337;25;18
338;25;19
339;25;20
340;26;01
341;26;02
342;26;03
343;26;04
344;26;05
345;26;06
346;26;07
347;26;08
348;26;09
349;26;10
350;26;11
351;26;12
352;26;13
353;26;14
354;26;15
355;26;16
356;26;17
357;26;18
358;27;01
359;27;02
360;27;03
361;27;04
362;27;05
363;27;06
364;27;07
365;27;08
366;27;09
367;27;10
368;27;11
369;27;12
370;27;13
371;27;14
372;27;15
373;27;16
374;27;17
375;27;18
376;27;99
377;28;01
378;28;02
379;28;03
380;28;04
381;28;05
382;28;06
383;28;07
384;28;08
385;28;09
386;28;10
387;28;11
388;28;12
389;28;13
390;28;14
391;28;15
392;28;16
393;28;17
394;28;18
395;28;19
396;28;20
397;28;21
398;28;22
399;28;23
400;28;24
401;29;01
402;29;02
403;29;03
404;29;04
405;29;05
406;29;06
407;29;07
408;29;08
409;29;09
410;29;10
411;29;11
412;29;12
413;29;13
414;29;14
415;29;15
416;29;16
417;29;17
418;29;18
419;29;19
420;29;20
421;29;21
422;29;22
423;29;23
424;29;24
425;29;25
426;30;01
427;30;02
428;30;03
429;30;04
430;30;05
431;30;06
432;30;07
433;30;08
434;30;09
435;30;10
436;30;11
437;30;12
438;31;01
439;31;02
440;31;03
441;31;04
442;31;05
443;31;06
444;31;07
445;31;08
446;31;09
447;31;10
448;31;11
449;31;12
450;32;01
451;32;02
452;32;03
453;32;04
454;32;05
455;32;06
456;32;07
457;32;08
458;32;09
459;32;10
460;32;11
461;32;12
462;32;13
463;33;01
464;33;02
465;33;03
466;33;04
467;33;05
468;33;06
469;33;07
470;33;08
471;33;09
472;33;10
473;33;11
474;33;99
475;34;01
476;34;02
477;34;03
478;34;04
479;34;05
480;34;06
481;34;07
482;34;08
483;34;09
484;34;10
485;34;11
486;35;01
487;35;02
488;35;03
489;35;04
490;35;05
491;35;06
492;35;07
493;36;01
494;36;02
495;36;03
496;36;04
497;36;05
498;36;06
499;36;07
500;36;08
501;36;09
502;36;10
503;36;11
504;36;12
505;36;13
506;37;01
507;37;02
508;37;03
509;37;04
510;37;05
511;37;06
512;37;07
513;37;08
514;37;09
515;37;10
516;37;11
517;37;12
518;37;13
519;38;01
520;38;02
521;38;03
522;38;04
523;38;05
524;38;06
525;38;07
526;38;08
527;38;09
528;39;01
529;39;02
530;39;03
531;39;04
532;39;05
533;39;06
534;39;07
535;39;99
536;40;01
537;40;02
538;40;03
539;40;04
540;40;05
541;40;06
542;40;07
543;40;08
544;41;01
545;41;02
546;41;03
547;41;04
548;41;05
549;41;06
550;42;01
551;42;02
552;42;03
553;42;04
554;42;05
555;42;06
556;42;07
557;42;08
558;42;09
559;42;10
560;42;11
561;43;01
562;43;02
563;43;03
564;43;04
565;43;05
566;43;06
567;43;07
568;43;08
569;43;09
570;44;01
571;44;02
572;44;03
573;44;04
574;44;05
575;44;06
576;44;07
577;44;08
578;45;01
579;45;02
580;45;03
581;45;04
582;45;05
583;45;06
584;45;07
585;45;08
586;45;09
587;45;10
588;45;11
589;46;01
590;46;02
591;46;03
592;46;04
593;46;05
594;47;01
595;47;02
596;47;03
597;47;04
598;47;05
599;47;06
600;47;07
601;47;08
602;47;09
603;48;01
604;48;02
605;48;03
606;48;04
607;48;05
608;48;06
609;48;07
610;48;08
611;48;09
612;48;10
613;48;11
614;48;12
615;48;13
616;48;14
617;48;15
618;48;16
619;49;01
620;49;02
621;49;03
622;49;04
623;49;05
624;49;06
625;49;07
626;49;08
627;49;09
628;49;10
629;49;11
630;49;12
631;49;13
632;49;14
633;49;15
634;50;01
635;50;02
636;50;03
637;50;04
638;50;05
639;50;06
640;50;07
641;50;08
642;50;09
643;50;10
644;50;11
645;50;12
646;50;13
647;50;14
648;50;15
649;51;01
650;51;02
651;51;03
652;51;04
653;51;05
654;51;06
655;51;07
656;51;08
657;51;09
658;51;10
659;51;11
660;51;12
661;51;13
662;52;01
663;52;02
664;52;03
665;52;04
666;52;05
667;52;06
668;52;07
669;52;08
670;52;09
671;52;10
672;52;11
673;53;01
674;53;02
675;53;03
676;53;04
677;53;05
678;53;06
679;53;07
680;53;08
681;53;09
682;53;10
683;53;11
684;53;12
685;53;13
686;53;14
687;53;15
688;53;16
689;53;17
690;53;18
691;53;19
692;53;20
693;53;21
694;54;01
695;54;02
696;54;03
697;54;04
698;54;05
699;54;06
700;54;07
701;54;08
702;54;09
703;54;10
704;54;11
705;54;12
706;55;01
707;55;02
708;55;03
709;55;04
710;55;05
711;55;06
712;55;07
713;55;08
714;55;09
715;55;10
716;55;11
717;55;99
718;56;01
719;56;02
720;56;03
721;56;04
722;56;05
723;57;01
724;57;02
725;57;03
726;57;04
727;57;05
728;57;06
729;57;07
730;57;08
731;58;01
732;58;02
733;58;03
734;58;04
735;58;05
736;58;06
737;58;07
738;58;08
739;58;09
740;58;10
741;58;11
742;58;12
743;58;13
744;58;14
745;58;15
746;58;16
747;59;01
748;59;02
749;59;03
750;59;04
751;59;05
752;59;06
753;59;07
754;60;01
755;60;02
756;60;03
757;60;04
758;60;05
759;60;06
760;60;07
761;60;08
762;60;09
763;60;10
764;61;01
765;62;01
766;62;02
767;62;03
768;62;04
769;62;05
770;62;06
771;62;07
772;62;08
773;62;09
774;63;01
775;63;02
776;63;03
777;63;04
778;63;05
779;63;06
780;63;07
781;64;01
782;64;02
783;64;03
784;64;04
785;64;05
786;64;06
787;64;07
788;65;01
789;65;02
790;65;03
791;65;04
792;65;05
793;65;06
794;65;07
795;66;01
796;66;02
797;66;03
798;66;04
799;66;05
800;66;06
801;66;07
802;66;08
803;66;09
804;66;10
805;67;01
806;67;02
807;67;03
808;67;04
809;67;05
810;67;06
811;67;07
812;68;01
813;68;02
814;68;03
815;68;04
816;68;05
817;68;06
818;68;07
819;68;08
820;68;09
821;68;10
822;68;11
823;68;12
824;68;13
825;69;01
826;69;02
827;69;03
828;69;04
829;69;05
830;69;06
831;70;01
832;70;02
833;70;03
834;70;04
835;70;05
836;70;06
837;70;07
838;70;08
839;70;09
840;70;10
841;71;01
842;71;02
843;71;03
844;71;04
845;71;05
846;71;06
847;71;07
848;71;08
849;72;01
850;72;02
851;72;03
852;72;04
853;72;05
854;72;06
855;72;07
856;72;08
857;72;09
858;72;10
859;72;11
860;73;01
861;73;02
862;73;03
863;73;04
864;73;05
865;73;06
866;73;07
867;73;08
868;73;09
869;73;10
870;73;11
871;73;12
872;73;13
873;73;14
874;73;15
875;73;16
876;73;17
877;73;18
878;73;19
879;73;20
880;73;21
881;73;22
882;73;23
883;73;24
884;73;25
885;73;26
886;73;27
887;73;28
888;73;29
889;73;30
890;73;31
891;73;32
892;73;33
893;73;34
894;73;35
895;73;36
896;73;37
897;73;38
898;73;39
899;73;40
900;73;41
901;73;42
902;73;43
903;73;44
904;73;45
905;73;46
906;73;47
907;73;48
908;73;49
909;73;50
910;73;51
911;73;52
912;73;53
913;73;54
914;73;55
915;73;56
916;73;57
917;73;58
918;73;59
919;73;60
920;73;61
921;73;62
922;73;63
923;73;64
924;74;01
925;74;02
926;74;03
927;74;04
928;74;05
929;74;06
930;75;01
931;75;02
932;75;03
933;75;04
934;75;05
935;75;06
936;75;07
937;75;08
938;75;09
939;75;10
940;75;11
941;75;12
942;75;13
943;75;14
944;75;15
945;75;16
946;75;17
947;75;18
948;75;19
949;75;20
950;75;21
951;75;22
952;75;23
953;76;01
954;76;02
955;76;03
956;76;04
957;76;05
958;76;06
959;76;07
960;76;08
961;76;09
962;76;10
963;76;11
964;76;12
965;76;13
966;76;14
967;76;15
968;76;16
969;76;17
970;76;18
971;76;19
972;76;20
973;76;21
974;76;22
975;76;23
976;76;24
977;77;01
978;77;02
979;77;03
980;77;04
981;77;05
982;77;06
983;77;07
984;77;08
985;77;09
986;77;10
987;77;11
988;78;01
989;78;02
990;78;03
991;78;04
992;78;05
993;78;06
994;78;07
995;78;08
996;78;09
997;78;10
998;78;11
999;78;12
1000;78;13
1001;78;14
1002;78;15
1003;79;01
1004;79;02
1005;79;03
1006;79;04
1007;79;05
1008;79;06
1009;79;07
1010;79;08
1011;80;01
1012;80;02
1013;80;03
1014;80;99
1015;81;01
1016;81;02
1017;81;03
1018;81;04
1019;81;05
1020;81;06
1021;81;07
1022;81;08
1023;81;09
1024;81;10
1025;81;11
1026;81;12
1027;81;13
1028;81;14
1029;81;15
1030;81;16
1031;81;17
1032;81;18
1033;81;19
1034;81;20
1035;82;01
1036;82;02
1037;82;03
1038;82;04
1039;82;05
1040;82;06
1041;82;07
1042;82;08
1043;82;09
1044;83;01
1045;83;02
1046;83;03
1047;83;04
1048;83;05
1049;83;06
1050;83;07
1051;83;08
1052;83;09
1053;83;10
1054;83;11
1055;83;12
1056;83;13
1057;83;14
1058;83;15
1059;83;16
1060;83;17
1061;83;18
1062;83;19
1063;83;20
1064;83;21
1065;83;22
1066;83;23
1067;83;24
1068;83;25
1069;83;26
1070;83;27
1071;83;28
1072;83;29
1073;83;30
1074;83;31
1075;83;32
1076;83;33
1077;83;34
1078;83;35
1079;83;36
1080;83;37
1081;83;38
1082;83;39
1083;83;40
1084;83;41
1085;83;42
1086;84;01
1087;84;02
1088;84;03
1089;84;04
1090;84;05
1091;84;06
1092;84;07
1093;84;08
1094;84;09
1095;84;10
1096;84;11
1097;84;12
1098;84;13
1099;84;14
1100;84;15
1101;84;16
1102;84;17
1103;84;18
1104;84;19
1105;84;20
1106;84;21
1107;84;22
1108;84;23
1109;85;01
1110;85;02
1111;85;03
1112;85;04
1113;85;05
1114;85;06
1115;85;07
1116;85;08
1117;85;09
1118;85;10
1119;85;11
1120;85;12
1121;85;13
1122;85;14
1123;85;15
1124;85;16
1125;85;17
1126;85;18
1127;85;19
1128;85;20
1129;85;21
1130;85;22
1131;85;23
1132;85;24
1133;85;25
1134;85;26
1135;85;27
1136;85;28
1137;85;29
1138;85;30
1139;85;31
1140;85;32
1141;85;33
1142;85;34
1143;85;35
1144;85;36
1145;85;37
1146;85;38
1147;85;39
1148;85;40
1149;85;41
1150;85;42
1151;85;43
1152;85;44
1153;85;45
1154;85;46
1155;85;47
1156;85;48
1157;86;01
1158;86;02
1159;86;03
1160;86;04
1161;86;05
1162;86;06
1163;86;07
1164;86;08
1165;86;09
1166;86;10
1167;86;11
1168;86;12
1169;87;01
1170;87;02
1171;87;03
1172;87;04
1173;87;05
1174;87;06
1175;87;07
1176;87;08
1177;87;09
1178;87;10
1179;87;11
1180;87;12
1181;87;13
1182;88;01
1183;88;02
1184;88;03
1185;88;04
1186;88;05
1187;88;06
1188;88;07
1189;88;08
1190;88;09
1191;88;10
1192;88;11
1193;88;12
1194;89;01
1195;89;02
1196;89;03
1197;89;04
1198;89;05
1199;89;06
1200;89;07
1201;89;08
1202;89;09
1203;89;10
1204;89;11
1205;89;12
1206;89;13
1207;89;14
1208;89;15
1209;90;01
1210;90;02
1211;90;03
1212;90;04
1213;90;05
1214;90;06
1215;90;07
1216;90;08
1217;90;09
1218;90;10
1219;90;11
1220;90;12
1221;90;13
1222;91;01
1223;91;02
1224;91;03
1225;91;04
1226;91;05
1227;91;06
1228;91;07
1229;91;08
1230;91;09
1231;91;10
1232;92;01
1233;92;02
1234;92;03
1235;92;04
1236;92;05
1237;92;06
1238;92;07
1239;92;08
1240;92;09
1241;92;10
1242;92;11
1243;92;12
1244;92;13
1245;92;14
1246;92;15
1247;92;16
1248;92;17
1249;92;18
1250;92;19
1251;92;20
1252;92;22
1253;92;23
1254;92;24
1255;92;25
1256;92;26
1257;92;27
1258;92;28
1259;92;29
1260;92;30
1261;93;01
1262;93;02
1263;93;03
1264;93;04
1265;93;05
1266;93;06
1267;93;07
1268;93;08
1269;93;09
1270;93;10
1271;94;01
1272;94;02
1273;94;03
1274;94;04
1275;94;05
1276;94;06
1277;95;01
1278;95;02
1279;95;03
1280;95;04
1281;95;05
1282;95;06
1283;95;07
1284;96;01
1285;96;02
1286;96;03
1287;96;04
1288;96;05
1289;97;01
1290;97;02
1291;97;03
1292;97;04
1293;97;05
1294;98;01
1295;98;02
1296;98;03
1297;98;04
1298;98;05
1299;98;06
1300;98;07
1301;98;08
1302;98;09
1303;98;10
1304;98;11
1305;98;12
1306;98;13
1307;99;01
1308;99;02
1309;99;03
1310;99;04
1311;99;05
1312;99;06
1313;99;07
1314;99;08
1315;99;09
1316;99;10
1317;99;11
1318;99;12
1319;99;13
1320;99;14
1321;99;15
1322;99;16
1323;99;17
1324;99;18
1325;100;01
1326;100;02
1327;100;03
1328;100;04
1329;100;05
1330;100;06
1331;100;07
1332;100;08
1333;101;01
1334;101;02
1335;102;01
1336;102;02
1337;102;03
1338;102;04
1339;102;05
1340;102;06
1341;102;07
1342;102;08
1343;102;09
1344;102;10
1345;102;11
1346;103;01
1347;103;02
1348;103;03
1349;103;04
1350;103;05
1351;103;06
1352;103;07
1353;103;08
1354;103;09
1355;103;10
1356;103;11
1357;103;12
1358;103;13
1359;103;14
1360;103;15
1361;103;16
1362;103;17
1363;103;18
1364;103;19
1365;103;20
1366;103;21
1367;103;22
1368;103;23
1369;103;24
1370;103;25
1371;103;26
1372;103;27
1373;103;28
1374;103;29
1375;103;30
1376;104;01
1377;104;02
1378;104;03
1379;104;04
1380;104;05
1381;104;06
1382;104;07
1383;104;08
1384;104;09
1385;105;01
1386;105;02
1387;105;03
1388;105;04
1389;105;05
1390;105;06
1391;105;07
1392;105;08
1393;105;09
1394;105;10
1395;105;11
1396;105;12
1397;105;13
1398;105;14
1399;106;01
1400;106;02
1401;106;03
1402;106;04
1403;106;05
1404;106;06
1405;106;07
1406;106;08
1407;106;09
1408;106;10
1409;106;11
1410;106;12
1411;106;13
1412;106;14
1413;106;15
1414;106;16
1415;106;99
1416;107;01
1417;107;02
1418;107;03
1419;107;04
1420;107;05
1421;107;06
1422;107;07
1423;107;08
1424;107;09
1425;107;10
1426;107;11
1427;107;12
1428;107;13
1429;107;14
1430;107;15
1431;107;16
1432;107;17
1433;107;18
1434;107;19
1435;107;20
1436;107;21
1437;107;22
1438;107;23
1439;108;01
1440;108;02
1441;108;03
1442;108;04
1443;108;05
1444;108;06
1445;108;07
1446;108;08
1447;108;09
1448;108;10
1449;108;11
1450;108;12
1451;108;13
1452;108;14
1453;108;15
1454;109;01
1455;109;02
1456;109;03
1457;109;04
1458;109;05
1459;109;06
1460;109;07
1461;109;08
1462;109;09
1463;109;10
1464;109;11
1465;109;12
1466;109;13
1467;109;14
1468;109;15
1469;109;16
1470;109;17
1471;109;18
1472;110;01
1473;110;02
1474;110;03
1475;111;01
1476;111;02
1477;111;03
1478;111;04
1479;111;05
1480;111;06
1481;111;07
1482;111;08
1483;111;09
1484;111;10
1485;111;11
1486;111;12
1487;111;13
1488;111;14
1489;111;15
1490;111;16
1491;111;17
1492;111;18
1493;111;19
1494;111;20
1495;111;21
1496;111;22
1497;111;23
1498;111;24
1499;111;25
1500;111;26
1501;111;27
1502;112;01
1503;112;02
1504;112;03
1505;112;04
1506;112;05
1507;112;06
1508;113;01
1509;113;02
1510;113;03
1511;113;04
1512;113;05
1513;113;06
1514;113;07
1515;113;08
1516;113;09
1517;113;10
1518;113;11
1519;113;12
1520;114;01
1521;114;02
1522;114;03
1523;115;01
1524;115;02
1525;115;03
1526;115;04
1527;115;05
1528;115;06
1529;115;07
1530;115;08
1531;115;09
1532;115;10
1533;115;11
1534;115;12
1535;116;01
1536;116;02
1537;116;03
1538;116;04
1539;116;05
1540;116;06
1541;116;07
1542;116;08
1543;116;09
1544;116;10
1545;116;11
1546;116;12
1547;116;13
1548;116;14
1549;116;15
1550;116;16
1551;116;17
1552;116;18
1553;116;19
1554;116;20
1555;116;21
1556;116;22
1557;117;01
1558;117;02
1559;117;03
1560;117;04
1561;117;05
1562;117;06
1563;117;07
1564;117;08
1565;117;09
1566;117;10
1567;117;11
1568;117;12
1569;118;01
1570;118;02
1571;118;03
1572;118;04
1573;118;05
1574;118;06
1575;118;07
1576;118;08
1577;118;09
1578;118;10
1579;118;11
1580;118;12
1581;118;13
1582;118;14
1583;119;01
1584;119;02
1585;119;03
1586;119;04
1587;119;05
1588;119;06
1589;119;07
1590;119;08
1591;119;09
1592;119;10
1593;119;11
1594;119;12
1595;120;01
1596;120;02
1597;120;03
1598;120;04
1599;120;05
1600;120;06
1601;120;07
1602;120;08
1603;120;09
1604;120;10
1605;120;11
1606;120;12
1607;121;01
1608;121;02
1609;121;03
1610;121;04
1611;121;05
1612;121;06
1613;121;07
1614;122;01
1615;122;02
1616;122;03
1617;122;04
1618;122;05
1619;122;06
1620;122;07
1621;122;08
1622;122;09
1623;122;10
1624;122;11
1625;123;01
1626;123;02
1627;123;03
1628;123;04
1629;123;05
1630;123;06
1631;123;07
1632;123;08
1633;123;09
1634;123;10
1635;124;01
1636;124;02
1637;124;03
1638;124;04
1639;124;05
1640;124;06
1641;124;07
1642;124;08
1643;124;09
1644;125;01
1645;125;02
1646;126;01
1647;126;02
1648;126;03
1649;126;04
1650;126;05
1651;126;06
1652;126;07
1653;126;08
1654;126;09
1655;126;10
1656;126;11
1657;126;12
1658;126;13
1659;126;14
1660;126;15
1661;126;16
1662;127;01
1663;127;02
1664;127;03
1665;127;04
1666;127;05
1667;127;06
1668;128;01
1669;128;02
1670;128;03
1671;128;04
1672;128;05
1673;128;06
1674;128;07
1675;128;08
1676;128;09
1677;128;10
1678;129;01
1679;129;02
1680;129;03
1681;129;04
1682;129;05
1683;129;06
1684;129;07
1685;129;08
1686;129;09
1687;129;10
1688;129;92
1689;130;01
1690;130;02
1691;130;03
1692;130;04
1693;130;05
1694;130;06
1695;130;07
1696;130;08
1697;130;09
1698;130;10
1699;130;11
1700;130;12
1701;130;13
1702;130;14
1703;131;01
1704;131;02
1705;131;03
1706;131;04
1707;131;05
1708;131;06
1709;131;07
1710;131;08
1711;131;09
1712;131;10
1713;131;11
1714;131;12
1715;131;13
1716;131;14
1717;131;15
1718;131;16
1719;131;17
1720;131;99
1721;132;01
1722;132;02
1723;132;03
1724;132;04
1725;132;05
1726;132;06
1727;132;07
1728;132;08
1729;132;09
1730;132;10
1731;132;11
1732;132;12
1733;132;13
1734;132;14
1735;132;15
1736;132;16
1737;132;17
1738;132;18
1739;132;19
1740;132;20
1741;132;21
1742;133;01
1743;133;02
1744;133;03
1745;133;04
1746;133;05
1747;133;06
1748;133;07
1749;133;08
1750;133;09
1751;133;10
1752;133;99
1753;134;01
1754;134;02
1755;134;03
1756;134;04
1757;134;05
1758;134;06
1759;134;07
1760;134;08
1761;134;09
1762;134;10
1763;134;11
1764;134;12
1765;135;01
1766;135;02
1767;135;03
1768;135;04
1769;135;05
1770;135;06
1771;135;07
1772;135;08
1773;135;09
1774;135;10
1775;135;11
1776;135;12
1777;135;13
1778;135;14
1779;135;15
1780;135;16
1781;135;17
1782;136;01
1783;136;02
1784;136;03
1785;136;04
1786;136;05
1787;136;06
1788;136;07
1789;136;08
1790;136;09
1791;136;10
1792;137;01
1793;137;02
1794;137;03
1795;137;04
1796;137;05
1797;137;06
1798;137;07
1799;137;08
1800;137;09
1801;137;10
1802;137;13
1803;137;14
1804;137;15
1805;137;16
1806;137;91
1807;138;01
1808;138;02
1809;138;03
1810;138;04
1811;138;05
1812;138;06
1813;139;01
1814;139;02
1815;139;03
1816;139;04
1817;139;05
1818;139;06
1819;139;07
1820;139;08
1821;139;09
1822;140;01
1823;140;02
1824;140;03
1825;140;04
1826;140;05
1827;140;06
1828;140;07
1829;140;08
1830;140;09
1831;140;10
1832;140;11
1833;140;12
1834;140;13
1835;140;14
1836;140;15
1837;140;16
1838;140;17
1839;140;18
1840;141;01
1841;141;02
1842;141;03
1843;141;04
1844;141;05
1845;141;06
1846;141;07
1847;141;08
1848;141;09
1849;141;10
1850;141;11
1851;141;12
1852;141;13
1853;141;14
1854;141;15
1855;141;16
1856;141;17
1857;141;18
1858;141;99
1859;142;01
1860;142;02
1861;142;03
1862;142;04
1863;142;05
1864;142;06
1865;142;07
1866;142;08
1867;142;09
1868;142;10
1869;142;11
1870;142;12
1871;142;13
1872;142;14
1873;142;15
1874;142;16
1875;142;17
1876;143;01
1877;143;02
1878;144;01
1879;144;02
1880;144;03
1881;144;04
1882;144;05
1883;144;06
1884;144;07
1885;144;08
1886;144;09
1887;144;10
1888;144;11
1889;144;12
1890;144;13
1891;144;14
1892;145;01
1893;145;02
1894;145;03
1895;145;04
1896;145;05
1897;145;06
1898;145;07
1899;145;08
1900;145;09
1901;145;10
1902;145;11
1903;145;12
1904;145;13
1905;145;14
1906;145;15
1907;145;16
1908;145;17
1909;146;01
1910;146;02
1911;146;03
1912;146;04
1913;146;05
1914;147;01
1915;147;02
1916;147;03
1917;147;04
1918;147;05
1919;147;06
1920;147;07
1921;147;08
1922;147;09
1923;147;10
1924;147;11
1925;147;12
1926;147;13
1927;147;14
1928;147;15
1929;147;16
1930;147;17
1931;147;18
1932;148;01
1933;148;02
1934;148;03
1935;148;04
1936;148;05
1937;148;06
1938;148;07
1939;148;08
1940;148;09
1941;148;10
1942;148;11
1943;148;12
1944;148;13
1945;148;14
1946;148;15
1947;148;16
1948;149;01
1949;149;02
1950;149;03
1951;149;04
1952;150;01
1953;150;02
1954;150;03
1955;150;04
1956;150;05
1957;150;06
1958;150;07
1959;150;08
1960;150;09
1961;151;01
1962;151;02
1963;151;03
1964;151;04
1965;151;05
1966;151;06
1967;151;07
1968;151;08
1969;151;09
1970;151;10
1971;152;01
1972;152;02
1973;152;03
1974;153;01
1975;153;02
1976;153;03
1977;153;04
1978;153;05
1979;153;06
1980;154;01
1981;154;02
1982;154;03
1983;154;04
1984;154;05
1985;154;06
1986;155;01
1987;155;02
1988;155;03
1989;155;04
1990;155;05
1991;155;06
1992;155;07
1993;156;01
1994;156;02
1995;156;03
1996;156;04
1997;156;05
1998;156;06
1999;157;01
2000;157;02
2001;158;01
2002;158;02
2003;158;03
2004;158;04
2005;159;01
2006;159;02
2007;159;03
2008;159;04
2009;159;05
2010;159;06
2011;160;01
2012;160;02
2013;160;03
2014;160;04
2015;161;01
2016;161;02
2017;161;03
2018;161;04
2019;161;05
2020;161;06
2021;161;07
2022;162;01
2023;162;02
2024;162;03
2025;162;04
2026;163;01
2027;163;02
2028;163;03
2029;163;04
2030;163;05
2031;163;06
2032;163;07
2033;163;08
2034;164;01
2035;164;02
2036;164;03
2037;164;04
2038;165;01
2039;165;02
2040;165;03
2041;165;04
2042;165;05
2043;165;06
2044;165;07
2045;166;01
2046;166;02
2047;166;03
2048;166;04
2049;166;05
2050;166;06
2051;166;07
2052;166;08
2053;166;09
2054;166;10
2055;166;11
2056;166;12
2057;166;13
2058;166;14
2059;166;15
2060;166;16
2061;166;17
2062;166;18
2063;166;19
2064;166;20
2065;166;21
2066;166;22
2067;166;23
2068;166;24
2069;166;25
2070;166;26
2071;166;27
2072;166;28
2073;166;29
2074;166;30
2075;166;31
2076;166;32
2077;166;33
2078;166;34
2079;166;35
2080;166;36
2081;166;37
2082;166;38
2083;166;39
2084;166;40
2085;166;41
2086;166;42
2087;166;43
2088;166;44
2089;166;45
2090;166;46
2091;166;47
2092;166;48
2093;166;49
2094;166;50
2095;166;51
2096;166;52
2097;166;53
2098;166;54
2099;166;55
2100;166;56
2101;166;57
2102;166;58
2103;166;59
2104;166;60
2105;166;61
2106;166;62
2107;166;63
2108;166;64
2109;166;65
2110;166;66
2111;166;67
2112;166;68
2113;166;69
2114;166;70
2115;166;71
2116;166;72
2117;166;73
2118;166;74
2119;166;75
2120;166;76
2121;166;77
2122;166;78
2123;166;79
2124;166;80
2125;166;81
2126;166;82
2127;166;83
2128;166;84
2129;167;01
2130;167;02
2131;167;03
2132;167;04
2133;167;05
2134;167;06
2135;167;07
2136;167;08
2137;168;01
2138;168;02
2139;168;03
2140;168;04
2141;168;05
2142;168;06
2143;168;07
2144;169;01
2145;169;02
2146;169;03
2147;169;04
2148;169;05
2149;170;01
2150;170;02
2151;170;03
2152;170;04
2153;170;05
2154;170;06
2155;170;07
2156;170;08
2157;170;09
2158;171;01
2159;171;02
2160;171;03
2161;171;04
2162;171;05
2163;171;06
2164;172;01
2165;172;02
2166;172;03
2167;172;04
2168;172;05
2169;173;01
2170;173;02
2171;173;03
2172;173;04
2173;173;05
2174;173;06
2175;173;07
2176;173;08
2177;173;09
2178;173;10
2179;173;11
2180;174;01
2181;174;02
2182;174;03
2183;174;04
2184;174;05
2185;175;01
2186;175;02
2187;175;03
2188;176;01
2189;176;02
2190;176;03
2191;176;04
2192;176;05
2193;177;01
2194;177;02
2195;177;03
2196;177;04
2197;177;05
2198;177;06
2199;177;07
2200;177;08
2201;177;09
2202;177;10
2203;177;11
2204;177;12
2205;177;13
2206;178;01
2207;178;02
2208;178;03
2209;178;04
2210;178;05
2211;178;06
2212;178;07
2213;178;08
2214;178;09
2215;178;10
2216;178;11
2217;178;12
2218;178;13
2219;178;14
2220;179;01
2221;179;02
2222;179;03
2223;179;04
2224;179;05
2225;179;06
2226;179;07
2227;179;08
2228;179;09
2229;179;10
2230;179;11
2231;180;01
2232;180;02
2233;180;03
2234;180;04
2235;180;05
2236;181;01
2237;181;02
2238;181;03
2239;181;04
2240;181;05
2241;181;06
2242;181;07
2243;181;08
2244;181;09
2245;181;10
2246;181;11
2247;181;12
2248;181;13
2249;182;01
2250;182;02
2251;182;03
2252;182;04
2253;182;05
2254;182;06
2255;182;07
2256;183;01
2257;183;02
2258;183;03
2259;183;04
2260;183;05
2261;183;06
2262;183;07
2263;184;01
2264;184;02
2265;184;03
2266;184;04
2267;184;05
2268;184;06
2269;184;07
2270;184;08
2271;184;09
2272;184;10
2273;184;11
2274;184;12
2275;185;01
2276;185;02
2277;185;03
2278;185;04
2279;185;05
2280;185;06
2281;185;07
2282;185;08
2283;185;09
2284;185;10
2285;185;11
2286;186;01
2287;186;02
2288;186;03
2289;186;04
2290;186;05
2291;187;01
2292;187;02
2293;187;03
2294;187;04
2295;187;05
2296;187;06
2297;187;07
2298;187;08
2299;187;09
2300;187;10
2301;187;11
2302;187;12
2303;188;01
2304;188;02
2305;188;03
2306;188;04
2307;188;05
2308;189;01
2309;189;02
2310;189;03
2311;189;04
2312;189;05
2313;190;01
2314;190;02
2315;190;03
2316;190;04
2317;190;05
2318;190;06
2319;190;07
2320;191;01
2321;191;02
2322;191;03
2323;191;04
2324;191;05
2325;191;06
2326;191;07
2327;191;08
2328;192;01
2329;192;02
2330;192;03
2331;192;04
2332;192;05
2333;193;01
2334;193;02
2335;193;03
2336;193;04
2337;193;05
2338;193;06
2339;193;07
2340;193;08
2341;193;09
2342;193;10
2343;193;11
2344;193;12
2345;193;13
2346;193;14
2347;193;15
2348;193;16
2349;193;17
2350;193;18
2351;194;01
2352;194;02
2353;194;03
2354;194;04
2355;194;05
2356;194;06
2357;194;07
2358;195;01
2359;195;02
2360;195;03
2361;195;04
2362;195;05
2363;195;06
2364;195;07
2365;195;08
2366;195;09
2367;195;10
2368;195;11
2369;195;12
2370;195;13
2371;195;14
2372;195;15
2373;195;16
2374;195;17
2375;195;18
2376;196;01
2377;196;02
2378;196;03
2379;196;04
2380;196;05
2381;196;06
2382;197;01
2383;197;02
2384;197;03
2385;197;04
2386;197;05
2387;197;06
2388;197;07
2389;197;08
2390;197;09
2391;197;10
2392;197;11
2393;198;01
2394;198;02
2395;198;03
2396;198;04
2397;198;05
2398;198;06
2399;199;01
2400;199;02
2401;199;03
2402;199;04
2403;199;05
2404;199;06
2405;199;07
2406;199;08
2407;200;01
2408;200;02
2409;200;03
2410;200;04
2411;200;05
2412;200;06
2413;200;07
2414;200;08
2415;200;09
2416;200;10
2417;200;11
2418;200;12
2419;200;13
2420;200;14
2421;200;15
2422;200;16
2423;200;17
2424;200;18
2425;200;19
2426;200;20
2427;200;21
2428;200;22
2429;201;01
2430;201;02
2431;201;03
2432;201;04
2433;201;05
2434;201;06
2435;202;01
2436;202;02
2437;202;03
2438;202;04
2439;202;05
2440;202;06
2441;202;07
2442;202;08
2443;202;09
2444;202;10
2445;202;11
2446;202;12
2447;203;01
2448;203;02
2449;203;03
2450;203;04
2451;203;05
2452;203;06
2453;203;07
2454;203;08
2455;203;09
2456;204;01
2457;204;02
2458;204;03
2459;204;04
2460;204;05
2461;205;01
2462;205;02
2463;205;03
2464;205;04
2465;205;05
2466;205;06
2467;205;07
2468;205;08
2469;205;09
2470;205;10
2471;205;11
2472;205;12
2473;205;13
2474;205;14
2475;205;15
2476;205;16
2477;205;17
2478;205;18
2479;205;19
2480;205;20
2481;206;01
2482;206;02
2483;206;03
2484;206;04
2485;206;05
2486;206;06
2487;206;07
2488;206;08
2489;207;01
2490;207;02
2491;207;03
2492;207;04
2493;207;05
2494;207;06
2495;207;07
2496;207;08
2497;207;09
2498;207;10
2499;207;11
2500;207;12
2501;207;13
2502;207;14
2503;207;15
2504;208;01
2505;208;02
2506;208;03
2507;208;04
2508;208;05
2509;208;06
2510;208;07
2511;208;08
2512;208;09
2513;209;01
2514;209;02
2515;209;03
2516;209;04
2517;209;05
2518;209;06
2519;210;01
2520;210;02
2521;210;03
2522;210;04
2523;210;05
2524;210;06
2525;210;07
2526;210;08
2527;210;09
2528;211;01
2529;211;02
2530;211;03
2531;211;04
2532;211;05
2533;211;06
2534;211;07
2535;211;08
2536;211;09
2537;211;10
2538;211;11
2539;211;12
2540;212;01
2541;212;02
2542;212;03
2543;212;04
2544;212;05
2545;212;06
2546;212;07
2547;212;08
2548;213;01
2549;213;02
2550;213;03
2551;213;04
2552;213;05
2553;213;06
2554;214;01
2555;214;02
2556;214;03
2557;214;04
2558;214;05
2559;214;06
2560;214;07
2561;214;08
2562;214;09
2563;214;10
2564;214;11
2565;214;12
2566;214;13
2567;214;14
2568;214;15
2569;214;16
2570;215;01
2571;215;02
2572;215;03
2573;215;04
2574;215;05
2575;215;06
2576;215;07
2577;215;08
2578;216;01
2579;216;02
2580;216;03
2581;216;04
2582;216;05
2583;216;06
2584;216;07
2585;216;08
2586;216;09
2587;217;01
2588;217;02
2589;217;03
2590;217;04
2591;217;05
2592;217;06
2593;217;07
2594;217;08
2595;217;09
2596;218;01
2597;218;02
2598;218;03
2599;218;04
2600;218;05
2601;218;06
2602;218;07
2603;218;08
2604;218;09
2605;218;10
2606;218;11
2607;218;12
2608;218;13
2609;218;14
2610;218;15
2611;218;16
2612;218;17
2613;219;01
2614;219;02
2615;219;03
2616;219;04
2617;219;05
2618;220;01
2619;220;02
2620;220;03
2621;220;04
2622;220;05
2623;220;06
2624;220;07
2625;220;08
2626;220;09
2627;220;10
2628;220;11
2629;221;01
2630;221;02
2631;221;03
2632;221;04
2633;221;05
2634;222;01
2635;222;02
2636;222;03
2637;222;04
2638;223;01
2639;223;02
2640;223;03
2641;223;04
2642;224;01
2643;224;02
2644;224;03
2645;224;04
2646;224;05
2647;224;06
2648;224;07
2649;225;01
2650;225;02
2651;225;03
2652;225;04
2653;225;05
2654;225;06
2655;226;01
2656;226;02
2657;226;03
2658;226;04
2659;227;01
2660;227;02
2661;227;03
2662;227;04
2663;227;05
2664;227;06
2665;227;07
2666;227;08
2667;227;09
2668;227;10
2669;227;11
2670;227;12
2671;228;01
2672;228;02
2673;228;03
2674;228;04
2675;228;05
2676;228;06
2677;228;07
2678;229;01
2679;229;02
2680;229;03
2681;229;04
2682;229;05
2683;229;06
2684;229;07
2685;230;01
2686;230;02
2687;230;03
2688;230;04
2689;231;01
2690;231;02
2691;231;03
2692;231;04
2693;231;05
2694;231;06
2695;231;07
2696;231;08
2697;231;09
2698;231;10
2699;232;01
2700;232;02
2701;232;03
2702;233;01
2703;233;02
2704;233;03
2705;234;01
2706;234;02
2707;234;03
2708;234;04
2709;234;05
2710;235;01
2711;235;02
2712;235;03
2713;235;04
2714;235;05
2715;235;06
2716;235;07
2717;235;08
2718;235;09
2719;235;10
2720;235;11
2721;235;12
2722;235;13
2723;235;14
2724;235;15
2725;235;16
2726;235;17
2727;235;18
2728;235;19
2729;235;20
2730;235;21
2731;235;22
2732;235;23
2733;235;24
2734;235;25
2735;236;01
2736;236;02
2737;236;03
2738;236;04
2739;237;01
2740;237;02
2741;237;03
2742;238;01
2743;238;02
2744;238;03
2745;238;04
2746;239;01
2747;239;02
2748;239;03
2749;239;04
2750;240;01
2751;240;02
2752;240;03
2753;240;04
2754;240;05
2755;241;01
2756;241;02
2757;241;03
2758;241;04
2759;241;05
2760;241;06
2761;241;07
2762;241;08
2763;241;09
2764;241;10
2765;241;11
2766;242;01
2767;242;02
2768;242;03
2769;242;04
2770;242;05
2771;242;06
2772;242;07
2773;242;08
2774;242;09
2775;242;10
2776;242;11
2777;242;12
2778;243;01
2779;243;02
2780;243;03
2781;244;01
2782;244;02
2783;244;03
2784;244;04
2785;244;05
2786;245;01
2787;245;02
2788;245;03
2789;245;04
2790;246;01
2791;246;02
2792;247;01
2793;247;02
2794;247;03
2795;248;01
2796;248;02
2797;248;03
2798;248;04
2799;249;01
2800;249;02
2801;250;01
2802;250;02
2803;250;03
2804;250;04
2805;250;05
2806;250;06
2807;250;07
2808;250;08
2809;250;09
2810;251;01
2811;251;02
2812;251;03
2813;251;04
2814;251;05
2815;252;01
2816;252;02
2817;252;03
2818;252;04
2819;253;01
2820;253;02
2821;253;03
2822;254;01
2823;254;02
2824;255;01
2825;255;02
2826;255;03
2827;255;04
2828;255;05
2829;255;06
2830;255;07
2831;255;08
2832;255;09
2833;255;10
2834;255;11
2835;255;12
2836;255;13
2837;255;14
2838;255;15
2839;256;01
2840;256;02
2841;256;03
2842;256;04
2843;256;05
2844;256;06
2845;256;07
2846;256;08
2847;256;09
2848;256;10
2849;256;11
2850;256;12
2851;257;01
2852;257;02
2853;257;03
2854;257;04
2855;257;05
2856;257;06
2857;257;07
2858;257;08
2859;257;09
2860;258;01
2861;258;02
2862;258;03
2863;258;04
2864;258;05
2865;258;06
2866;258;07
2867;258;08
2868;258;09
2869;258;10
2870;259;01
2871;259;02
2872;259;03
2873;259;04
2874;259;05
2875;259;06
2876;259;07
2877;259;08
2878;260;01
2879;260;02
2880;260;03
2881;260;04
2882;260;05
2883;260;06
2884;260;07
2885;261;01
2886;261;02
2887;261;03
2888;261;04
2889;261;05
2890;261;06
2891;261;07
2892;261;08
2893;261;09
2894;261;10
2895;261;11
2896;261;12
2897;261;13
2898;262;01
2899;262;02
2900;262;03
2901;262;04
2902;262;05
2903;262;06
2904;262;07
2905;262;08
2906;262;09
2907;262;10
2908;262;11
2909;262;12
2910;262;13
2911;262;14
2912;262;15
2913;262;16
2914;262;17
2915;262;18
2916;262;19
2917;262;20
2918;263;01
2919;263;02
2920;263;03
2921;263;04
2922;263;05
2923;264;01
2924;264;02
2925;264;03
2926;264;04
2927;264;05
2928;264;06
2929;264;07
2930;264;08
2931;264;09
2932;264;10
2933;264;11
2934;265;01
2935;265;02
2936;265;03
2937;265;04
2938;265;05
2939;265;06
2940;265;07
2941;265;08
2942;266;01
2943;266;02
2944;266;03
2945;266;04
2946;266;05
2947;266;06
2948;266;07
2949;266;08
2950;266;09
2951;266;10
2952;266;11
2953;266;12
2954;266;13
2955;266;14
2956;266;15
2957;266;16
2958;266;17
2959;266;18
2960;266;19
2961;266;20
2962;266;21
2963;266;22
2964;266;23
2965;266;24
2966;266;25
2967;266;26
2968;266;27
2969;266;28
2970;266;29
2971;267;01
2972;267;02
2973;267;03
2974;267;04
2975;267;05
2976;267;06
2977;267;07
2978;267;08
2979;267;09
2980;267;10
2981;267;11
2982;268;01
2983;268;02
2984;268;03
2985;268;04
2986;268;05
2987;268;06
2988;268;07
2989;268;08
2990;268;09
2991;268;10
2992;268;11
2993;268;12
2994;268;13
2995;268;14
2996;268;15
2997;269;01
2998;269;02
2999;269;03
3000;269;04
3001;269;05
3002;269;06
3003;270;01
3004;270;02
3005;270;03
3006;270;04
3007;270;05
3008;270;06
3009;270;07
3010;270;08
3011;270;09
3012;270;10
3013;270;11
3014;271;01
3015;271;02
3016;271;03
3017;271;04
3018;271;05
3019;271;06
3020;271;07
3021;271;08
3022;272;01
3023;272;02
3024;272;03
3025;272;04
3026;272;05
3027;272;06
3028;272;07
3029;272;08
3030;272;09
3031;272;10
3032;272;11
3033;272;12
3034;272;13
3035;272;14
3036;272;15
3037;272;16
3038;272;17
3039;272;18
3040;272;19
3041;272;20
3042;273;01
3043;273;02
3044;273;03
3045;273;04
3046;273;05
3047;273;06
3048;273;07
3049;274;01
3050;274;02
3051;274;03
3052;275;01
3053;275;02
3054;275;03
3055;275;04
3056;275;05
3057;275;06
3058;275;07
3059;275;08
3060;275;09
3061;275;10
3062;275;11
3063;275;12
3064;275;13
3065;275;14
3066;275;15
3067;275;16
3068;275;17
3069;275;18
3070;275;19
3071;275;20
3072;275;21
3073;276;01
3074;276;02
3075;276;03
3076;276;04
3077;276;05
3078;277;01
3079;277;02
3080;277;03
3081;277;04
3082;277;05
3083;277;06
3084;277;07
3085;277;08
3086;277;09
3087;277;10
3088;277;11
3089;278;01
3090;278;02
3091;278;03
3092;278;04
3093;278;05
3094;278;06
3095;278;07
3096;278;08
3097;278;09
3098;278;10
3099;278;11
3100;278;12
3101;278;13
3102;278;14
3103;278;15
3104;278;16
3105;278;17
3106;278;18
3107;279;01
3108;279;02
3109;280;01
3110;280;02
3111;280;03
3112;280;04
3113;280;05
3114;281;01
3115;281;02
3116;281;03
3117;281;04
3118;281;05
3119;281;06
3120;282;01
3121;282;02
3122;282;03
3123;282;04
3124;282;05
3125;282;06
3126;282;07
3127;282;08
3128;282;09
3129;282;10
3130;282;11
3131;282;12
3132;282;13
3133;283;01
3134;283;02
3135;283;03
3136;283;04
3137;283;05
3138;283;06
3139;284;01
3140;284;02
3141;284;03
3142;284;04
3143;284;05
3144;284;06
3145;285;01
3146;285;02
3147;285;03
3148;285;04
3149;285;05
3150;286;01
3151;286;02
3152;286;03
3153;287;01
3154;287;02
3155;287;03
3156;288;01
3157;288;02
3158;288;03
3159;288;04
3160;288;05
3161;289;01
3162;289;02
3163;289;03
3164;289;04
3165;289;05
3166;289;06
3167;290;01
3168;290;02
3169;290;03
3170;291;01
3171;291;02
3172;291;03
3173;291;04
3174;291;05
3175;292;01
3176;292;02
3177;292;03
3178;292;04
3179;292;05
3180;292;06
3181;293;01
3182;293;02
3183;293;03
3184;293;04
3185;293;05
3186;294;01
3187;294;02
3188;294;03
3189;294;04
3190;295;01
3191;295;02
3192;295;03
3193;295;04
3194;295;05
3195;295;06
3196;296;01
3197;296;02
3198;296;03
3199;296;04
3200;296;05
3201;297;01
3202;297;02
3203;298;01
3204;298;02
3205;298;03
3206;298;04
3207;298;05
3208;298;06
3209;298;07
3210;298;08
3211;299;01
3212;299;02
3213;299;03
3214;299;04
3215;300;01
3216;300;02
3217;300;03
3218;300;04
3219;300;05
3220;300;06
3221;300;07
3222;301;01
3223;301;02
3224;301;03
3225;302;01
3226;303;01
3227;303;02
3228;303;03
3229;303;04
3230;303;05
3231;303;06
3232;304;01
3233;305;01
3234;305;02
3235;305;03
3236;305;04
3237;305;05
3238;306;01
3239;306;02
3240;306;03
3241;306;04
3242;307;01
3243;307;02
3244;308;01
3245;309;01
3246;309;02
3247;309;03
3248;309;04
3249;310;01
3250;310;02
3251;310;03
3252;310;04
3253;310;05
3254;310;06
3255;310;07
3256;311;01
3257;311;02
3258;311;03
3259;312;01
3260;312;02
3261;312;03
3262;312;04
3263;313;01
3264;313;02
3265;313;03
3266;313;04
3267;313;05
3268;314;01
3269;314;02
3270;314;03
3271;314;04
3272;314;05
3273;314;06
3274;314;07
3275;315;01
3276;315;02
3277;315;03
3278;316;01
3279;316;02
3280;316;03
3281;317;01
3282;317;02
3283;317;03
3284;317;04
3285;317;05
3286;317;06
3287;317;07
3288;318;01
3289;318;02
3290;319;01
3291;319;02
3292;319;03
3293;319;04
3294;319;05
3295;319;06
3296;319;07
3297;319;08
3298;320;01
3299;320;02
3300;321;01
3301;321;02
3302;322;01
3303;322;02
3304;323;01
3305;323;02
3306;323;03
3307;323;04
3308;324;01
3309;324;02
3310;325;01
3311;326;01
3312;326;02
3313;327;01
3314;327;02
3315;328;01
3316;329;01
3317;329;02
3318;330;01
3319;330;02
3320;331;01
3321;332;01
3322;333;01
3323;333;02
3324;333;03
3325;334;01
3326;334;02
3327;335;01
3328;336;01
3329;336;02
3330;336;03
3331;336;04
3332;336;05
3333;336;06
3334;336;07
3335;336;08
3336;336;09
3337;336;10
3338;336;11
3339;337;01
3340;337;02
3341;337;03
3342;337;04
3343;337;05
3344;337;06
3345;337;07
3346;338;01
3347;338;02
3348;338;03
3349;338;04
3350;338;05
3351;338;06
3352;338;07
3353;338;08
3354;338;09
3355;338;10
3356;338;11
3357;338;12
3358;338;13
3359;339;01
3360;339;02
3361;339;03
3362;339;04
3363;339;05
3364;339;06
3365;339;07
3366;339;08
3367;339;09
3368;339;10
3369;339;11
3370;339;12
3371;339;13
3372;339;14
3373;340;01
3374;340;02
3375;340;03
3376;340;04
3377;340;05
3378;341;01
3379;341;02
3380;341;03
3381;341;04
3382;342;01
3383;342;02
3384;342;03
3385;342;04
3386;342;05
3387;342;06
3388;342;07
3389;342;08
3390;342;09
3391;342;10
3392;342;11
3393;343;01
3394;343;02
3395;343;03
3396;343;04
3397;343;05
3398;343;06
3399;343;07
3400;344;01
3401;344;02
3402;344;03
3403;344;04
3404;344;05
3405;344;07
3406;344;08
3407;345;01
3408;345;02
3409;345;03
3410;345;04
3411;345;05
3412;345;06
3413;345;07
3414;346;01
3415;346;02
3416;346;03
3417;346;04
3418;347;01
3419;347;02
3420;347;03
3421;347;04
3422;347;05
3423;347;06
3424;347;07
3425;348;01
3426;348;02
3427;348;03
3428;348;04
3429;348;05
3430;348;06
3431;349;01
3432;349;02
3433;349;03
3434;349;04
3435;349;05
3436;349;06
3437;349;07
3438;349;08
3439;350;01
3440;350;02
3441;350;03
3442;350;04
3443;350;05
3444;350;06
3445;350;07
3446;350;08
3447;350;09
3448;350;10
3449;350;11
3450;350;12
3451;350;13
3452;350;14
3453;350;15
3454;350;16
3455;351;01
3456;351;02
3457;351;03
3458;351;04
3459;351;05
3460;351;06
3461;352;02
3462;352;03
3463;352;04
3464;352;05
3465;353;01
3466;353;02
3467;353;03
3468;353;04
3469;353;05
3470;354;01
3471;354;02
3472;354;03
3473;354;04
3474;354;05
3475;354;06
3476;354;99
3477;355;01
3478;355;02
3479;355;03
3480;355;04
3481;355;05
3482;355;06
3483;355;07
3484;355;08
3485;355;09
3486;355;10
3487;356;01
3488;356;02
3489;356;03
3490;356;04
3491;356;05
3492;356;06
3493;356;07
3494;357;01
3495;357;02
3496;357;03
3497;357;04
3498;357;05
3499;357;06
3500;357;07
3501;357;08
3502;357;09
3503;357;10
3504;357;11
3505;357;12
3506;357;13
3507;357;14
3508;357;15
3509;357;16
3510;357;17
3511;357;18
3512;357;19
3513;357;20
3514;357;21
3515;357;22
3516;357;23
3517;357;99
3518;358;01
3519;358;02
3520;358;03
3521;358;04
3522;359;01
3523;359;02
3524;359;03
3525;359;04
3526;359;05
3527;359;06
3528;359;07
3529;359;08
3530;359;09
3531;359;10
3532;360;01
3533;360;02
3534;360;03
3535;360;04
3536;361;01
3537;361;02
3538;361;03
3539;361;04
3540;361;05
3541;361;06
3542;361;07
3543;361;08
3544;361;09
3545;362;01
3546;362;02
3547;362;03
3548;362;04
3549;362;05
3550;362;06
3551;362;07
3552;362;08
3553;362;09
3554;362;10
3555;363;01
3556;363;02
3557;363;03
3558;363;04
3559;363;05
3560;363;06
3561;363;07
3562;363;08
3563;364;01
3564;364;02
3565;364;03
3566;364;04
3567;364;05
3568;364;06
3569;364;07
3570;364;08
3571;365;01
3572;365;02
3573;365;03
3574;365;04
3575;365;05
3576;365;06
3577;365;07
3578;365;08
3579;365;09
3580;366;01
3581;366;02
3582;366;03
3583;366;04
3584;366;05
3585;366;06
3586;366;07
3587;366;08
3588;366;09
3589;366;10
3590;366;11
3591;366;12
3592;367;01
3593;367;02
3594;367;03
3595;367;04
3596;367;05
3597;367;06
3598;367;07
3599;367;08
3600;367;09
3601;367;10
3602;367;11
3603;368;01
3604;368;02
3605;368;03
3606;368;04
3607;369;01
3608;369;02
3609;369;03
3610;369;04
3611;369;05
3612;369;06
3613;369;07
3614;370;01
3615;370;02
3616;370;03
3617;370;04
3618;370;05
3619;370;06
3620;371;01
3621;371;02
3622;371;03
3623;372;01
3624;373;01
3625;374;01
3626;375;01
3627;375;02
3628;375;03
3629;375;04
3630;375;05
3631;375;06
3632;375;07
3633;375;08
3634;375;09
3635;375;10
3636;375;11
3637;375;12
3638;375;13
3639;375;14
3640;375;15
3641;375;16
3642;375;17
3643;375;18
3644;375;19
3645;375;20
3646;375;21
3647;375;22
3648;375;23
3649;376;01
3650;376;02
3651;377;01
3652;377;02
3653;377;03
3654;377;04
3655;378;01
3656;378;02
3657;378;03
3658;378;04
3659;379;01
3660;380;01
3661;380;02
3662;381;01
3663;381;02
3664;382;01
3665;383;01
3666;383;02
3667;384;01
3668;384;02
3669;385;01
3670;385;02
3671;386;01
3672;386;02
3673;386;03
3674;386;04
3675;387;01
3676;387;02
3677;387;03
3678;387;04
3679;387;05
3680;387;06
3681;387;07
3682;387;08
3683;388;01
3684;388;02
3685;388;03
3686;388;04
3687;388;05
3688;388;06
3689;388;07
3690;388;08
3691;388;09
3692;388;10
3693;388;11
3694;389;01
3695;389;02
3696;389;03
3697;389;04
3698;389;05
3699;389;06
3700;389;07
3701;389;08
3702;389;09
3703;389;10
3704;390;01
3705;390;02
3706;390;03
3707;390;04
3708;391;01
3709;392;01
3710;392;02
3711;392;03
3712;392;04
3713;392;05
3714;392;06
3715;392;07
3716;392;08
3717;392;09
3718;392;10
3719;392;11
3720;392;12
3721;392;13
3722;392;14
3723;392;15
3724;392;16
3725;392;17
3726;392;18
3727;392;19
3728;392;20
3729;392;21
3730;392;22
3731;392;23
3732;392;24
3733;392;25
3734;392;26
3735;392;27
3736;393;01
3737;394;01
3738;395;01
3739;395;02
3740;395;03
3741;395;04
3742;396;01
3743;397;01
3744;397;02
3745;397;03
3746;397;04
3747;397;05
3748;398;01
3749;398;02
3750;399;01
3751;399;02
3752;399;03
3753;399;04
3754;400;01
3755;400;02
3756;400;03
3757;400;04
3758;400;05
3759;400;06
3760;401;01
3761;401;02
3762;402;01
3763;402;02
3764;403;01
3765;403;02
3766;403;03
3767;403;04
3768;403;05
3769;403;06
3770;403;07
3771;403;08
3772;403;09
3773;403;10
3774;403;11
3775;403;12
3776;403;13
3777;403;14
3778;403;15
3779;403;16
3780;403;17
3781;403;18
3782;403;19
3783;403;20
3784;403;21
3785;403;22
3786;404;01
3787;404;02
3788;405;01
3789;405;02
3790;406;01
3791;406;02
3792;406;03
3793;406;04
3794;407;01
3795;407;02
3796;407;03
3797;407;04
3798;407;05
3799;407;06
3800;407;07
3801;407;08
3802;408;01
3803;408;02
3804;409;01
3805;409;02
3806;409;03
3807;409;04
3808;409;05
3809;410;01
3810;410;02
3811;410;03
3812;411;01
3813;411;02
3814;412;01
3815;412;02
3816;413;01
3817;413;02
3818;414;01
3819;414;02
3820;415;01
3821;415;02
3822;415;03
3823;416;01
3824;416;02
3825;417;01
3826;417;02
3827;417;03
3828;417;04
3829;417;05
3830;417;06
3831;417;07
3832;417;08
3833;418;01
3834;418;02
3835;418;03
3836;419;01
3837;419;02
3838;419;03
3839;419;04
3840;420;01
3841;420;02
3842;420;03
3843;420;04
3844;420;05
3845;421;01
3846;421;02
3847;422;01
3848;422;02
3849;422;03
3850;423;01
3851;423;02
3852;423;03
3853;423;04
3854;423;05
3855;424;01
3856;424;02
3857;424;03
3858;425;01
3859;425;02
3860;425;03
3861;425;04
3862;425;05
3863;425;06
3864;425;07
3865;426;01
3866;426;02
3867;426;03
3868;426;04
3869;426;05
3870;426;06
3871;426;07
3872;427;01
3873;427;02
3874;427;03
3875;427;04
3876;427;05
3877;427;06
3878;428;01
3879;428;02
3880;428;03
3881;429;01
3882;429;02
3883;429;03
3884;429;04
3885;430;01
3886;430;02
3887;430;03
3888;430;04
3889;430;05
3890;430;06
3891;430;07
3892;431;01
3893;431;02
3894;432;01
3895;432;02
3896;432;03
3897;432;04
3898;433;01
3899;433;02
3900;433;03
3901;433;04
3902;433;05
3903;433;06
3904;433;07
3905;434;01
3906;434;02
3907;434;03
3908;434;04
3909;434;05
3910;435;01
3911;436;01
3912;436;02
3913;436;03
3914;436;04
3915;437;01
3916;437;02
3917;437;03
3918;438;01
3919;438;02
3920;439;01
3921;439;02
3922;439;03
3923;440;01
3924;440;02
3925;440;03
3926;440;04
3927;441;01
3928;441;02
3929;442;01
3930;442;02
3931;442;03
3932;442;04
3933;443;01
3934;443;02
3935;443;03
3936;443;04
3937;443;05
3938;444;01
3939;444;02
3940;444;03
3941;444;04
3942;445;01
3943;445;02
3944;445;03
3945;445;04
3946;446;01
3947;446;02
3948;446;03
3949;446;04
3950;446;05
3951;446;06
3952;446;07
3953;446;08
3954;446;09
3955;446;10
3956;446;11
3957;446;12
3958;446;13
3959;446;14
3960;446;15
3961;446;16
3962;447;01
3963;447;02
3964;447;03
3965;447;04
3966;447;05
3967;447;06
3968;448;01
3969;448;02
3970;448;03
3971;449;01
3972;449;02
3973;449;03
3974;449;04
3975;449;05
3976;449;06
3977;449;07
3978;449;08
3979;449;09
3980;449;10
3981;449;11
3982;449;12
3983;449;13
3984;450;01
3985;450;02
3986;450;03
3987;451;01
3988;451;02
3989;451;03
3990;451;04
3991;451;05
3992;451;06
3993;452;01
3994;452;02
3995;452;03
3996;452;04
3997;452;05
3998;452;06
3999;452;07
4000;452;08
4001;452;09
4002;452;10
4003;452;11
4004;452;12
4005;453;01
4006;453;02
4007;453;03
4008;453;04
4009;453;05
4010;453;06
4011;453;07
4012;453;08
4013;453;09
4014;453;10
4015;453;11
4016;453;12
4017;454;01
4018;454;02
4019;454;03
4020;454;04
4021;454;05
4022;454;06
4023;454;07
4024;455;01
4025;455;02
4026;455;03
4027;455;04
4028;455;05
4029;455;06
4030;456;01
4031;456;02
4032;456;03
4033;457;01
4034;457;02
4035;457;03
4036;457;04
4037;457;05
4038;458;01
4039;458;02
4040;458;03
4041;458;04
4042;459;01
4043;459;02
4044;459;03
4045;459;04
4046;459;05
4047;460;01
4048;460;02
4049;460;03
4050;460;04
4051;460;05
4052;460;06
4053;460;07
4054;460;08
4055;460;09
4056;460;10
4057;461;01
4058;461;02
4059;461;03
4060;461;04
4061;461;05
4062;462;01
4063;462;02
4064;463;01
4065;463;02
4066;463;03
4067;463;04
4068;463;05
4069;463;06
4070;463;07
4071;463;08
4072;463;09
4073;463;10
4074;463;11
4075;463;12
4076;464;01
4077;464;02
4078;464;03
4079;464;04
4080;464;05
4081;464;06
4082;464;07
4083;464;08
4084;464;09
4085;465;01
4086;465;02
4087;465;03
4088;465;04
4089;465;05
4090;466;01
4091;466;02
4092;466;03
4093;466;04
4094;466;05
4095;466;06
4096;466;07
4097;466;08
4098;466;09
4099;466;10
4100;466;11
4101;466;12
4102;466;13
4103;466;14
4104;466;15
4105;466;16
4106;466;17
4107;466;18
4108;466;19
4109;466;20
4110;466;21
4111;466;22
4112;466;23
4113;466;24
4114;466;25
4115;466;26
4116;466;27
4117;466;28
4118;467;01
4119;467;02
4120;467;03
4121;467;04
4122;467;05
4123;467;06
4124;467;07
4125;468;01
4126;468;02
4127;468;03
4128;468;04
4129;469;01
4130;469;02
4131;469;03
4132;469;04
4133;469;05
4134;469;06
4135;469;07
4136;469;08
4137;469;09
4138;469;10
4139;469;11
4140;469;12
4141;469;13
4142;469;14
4143;469;15
4144;469;16
4145;469;17
4146;469;18
4147;469;19
4148;469;20
4149;469;21
4150;469;22
4151;469;23
4152;469;24
4153;469;25
4154;469;26
4155;469;27
4156;469;28
4157;469;29
4158;469;30
4159;469;31
4160;469;32
4161;469;33
4162;469;34
4163;469;35
4164;469;36
4165;469;37
4166;469;38
4167;469;39
4168;469;40
4169;469;41
4170;469;42
4171;469;43
4172;469;44
4173;469;45
4174;469;46
4175;469;47
4176;469;48
4177;469;49
4178;469;50
4179;469;51
4180;469;52
4181;469;53
4182;469;54
4183;469;55
4184;469;56
4185;469;57
4186;469;58
4187;469;59
4188;469;60
4189;469;61
4190;469;62
4191;469;63
4192;469;64
4193;469;65
4194;469;66
4195;469;67
4196;469;68
4197;469;69
4198;469;70
4199;469;71
4200;469;72
4201;469;73
4202;469;74
4203;469;75
4204;469;76
4205;469;77
4206;469;78
4207;469;79
4208;469;80
4209;469;81
4210;470;01
4211;470;02
4212;470;03
4213;470;04
4214;470;05
4215;470;06
4216;471;01
4217;471;02
4218;471;03
4219;471;04
4220;472;01
4221;472;02
4222;472;03
4223;472;04
4224;472;05
4225;473;01
4226;473;02
4227;473;03
4228;473;04
4229;474;01
4230;474;02
4231;474;03
4232;474;04
4233;474;05
4234;474;06
4235;474;07
4236;474;08
4237;475;01
4238;475;02
4239;475;03
4240;475;04
4241;475;05
4242;476;01
4243;476;02
4244;476;03
4245;476;04
4246;476;05
4247;476;06
4248;477;01
4249;477;02
4250;477;03
4251;478;01
4252;478;02
4253;478;03
4254;478;04
4255;478;05
4256;478;06
4257;478;07
4258;478;08
4259;478;09
4260;479;01
4261;479;02
4262;479;03
4263;480;01
4264;480;02
4265;480;03
4266;480;04
4267;480;05
4268;481;01
4269;481;02
4270;481;03
4271;481;04
4272;481;05
4273;481;06
4274;481;07
4275;481;08
4276;481;09
4277;481;10
4278;481;11
4279;481;12
4280;481;13
4281;481;14
4282;481;15
4283;481;16
4284;482;01
4285;482;02
4286;482;03
4287;483;01
4288;483;02
4289;483;03
4290;483;04
4291;483;05
4292;483;06
4293;483;07
4294;483;08
4295;483;09
4296;483;10
4297;483;11
4298;483;12
4299;483;13
4300;483;14
4301;483;15
4302;483;16
4303;483;17
4304;484;01
4305;484;02
4306;484;03
4307;484;04
4308;484;05
4309;485;01
4310;485;02
4311;485;03
4312;485;04
4313;485;05
4314;485;06
4315;485;07
4316;486;01
4317;486;02
4318;486;03
4319;486;04
4320;486;05
4321;486;06
4322;487;01
4323;487;02
4324;487;03
4325;487;04
4326;487;05
4327;488;01
4328;488;02
4329;488;03
4330;488;04
4331;489;01
4332;489;02
4333;489;03
4334;489;04
4335;490;01
4336;490;02
4337;490;03
4338;490;04
4339;490;05
4340;490;06
4341;490;07
4342;491;01
4343;491;02
4344;491;03
4345;492;01
4346;492;02
4347;492;03
4348;493;01
4349;493;02
4350;493;03
4351;493;04
4352;493;05
4353;494;01
4354;494;02
4355;494;03
4356;494;04
4357;495;01
4358;495;02
4359;495;03
4360;495;04
4361;495;05
4362;495;06
4363;495;07
4364;495;08
4365;496;01
4366;496;02
4367;496;03
4368;497;01
4369;497;02
4370;497;03
4371;497;04
4372;497;05
4373;497;06
4374;497;07
4375;497;08
4376;497;09
4377;498;01
4378;498;02
4379;498;03
4380;499;01
4381;499;02
4382;499;03
4383;499;04
4384;500;01
4385;500;02
4386;500;03
4387;501;01
4388;501;02
4389;501;03
4390;502;01
4391;502;02
4392;502;03
4393;503;01
4394;503;02
4395;503;03
4396;504;01
4397;504;02
4398;504;03
4399;504;04
4400;504;05
4401;504;06
4402;504;07
4403;504;08
4404;504;09
4405;504;10
4406;505;01
4407;505;02
4408;505;03
4409;505;04
4410;505;05
4411;505;06
4412;505;07
4413;505;08
4414;505;09
4415;505;10
4416;505;11
4417;505;12
4418;505;13
4419;505;14
4420;505;15
4421;505;16
4422;506;01
4423;506;02
4424;506;03
4425;506;04
4426;506;05
4427;506;06
4428;506;07
4429;507;01
4430;507;02
4431;507;03
4432;508;01
4433;508;02
4434;508;03
4435;509;01
4436;509;02
4437;509;03
4438;509;04
4439;510;01
4440;510;02
4441;510;03
4442;510;04
4443;510;05
4444;510;06
4445;510;07
4446;511;01
4447;511;02
4448;511;03
4449;511;04
4450;511;05
4451;511;06
4452;511;07
4453;511;08
4454;511;09
4455;511;10
4456;511;11
4457;511;12
4458;511;13
4459;511;14
4460;512;01
4461;512;02
4462;512;03
4463;512;04
4464;512;05
4465;513;01
4466;513;02
4467;513;03
4468;513;04
4469;513;05
4470;513;06
4471;513;07
4472;513;08
4473;513;09
4474;513;10
4475;513;11
4476;513;12
4477;513;13
4478;513;14
4479;514;01
4480;514;02
4481;514;03
4482;514;04
4483;514;05
4484;514;06
4485;515;01
4486;515;02
4487;515;03
4488;515;04
4489;515;05
4490;515;06
4491;515;07
4492;515;08
4493;515;09
4494;515;10
4495;515;11
4496;515;12
4497;515;13
4498;515;14
4499;515;15
4500;515;16
4501;515;17
4502;515;18
4503;515;19
4504;515;20
4505;515;21
4506;515;22
4507;515;23
4508;515;24
4509;515;25
4510;515;26
4511;515;27
4512;515;28
4513;516;01
4514;516;02
4515;516;03
4516;516;04
4517;516;05
4518;516;06
4519;516;07
4520;516;08
4521;516;09
4522;516;10
4523;516;11
4524;516;12
4525;517;01
4526;517;02
4527;517;03
4528;517;04
4529;518;01
4530;518;02
4531;518;03
4532;518;04
4533;518;05
4534;518;06
4535;518;07
4536;518;08
4537;518;09
4538;519;01
4539;519;02
4540;519;03
4541;519;04
4542;520;01
4543;520;02
4544;520;03
4545;521;01
4546;521;02
4547;521;03
4548;521;04
4549;521;05
4550;521;06
4551;521;07
4552;521;08
4553;521;09
4554;521;10
4555;521;11
4556;522;01
4557;522;02
4558;522;03
4559;522;04
4560;522;05
4561;523;01
4562;523;02
4563;523;03
4564;523;04
4565;523;05
4566;523;06
