FRAC_REF_ID;DPTO_REF_ID;IDFRAC
1;1;01
2;1;02
3;1;03
4;1;04
5;1;05
6;1;06
7;1;07
8;1;08
9;1;09
10;1;10
11;1;11
12;1;12
13;1;13
14;1;14
15;1;15
16;1;16
17;1;17
18;1;18
19;1;19
20;1;20
21;1;21
22;1;22
23;1;23
24;1;24
25;1;25
26;1;26
27;1;27
28;1;28
29;1;29
30;1;30
31;1;31
32;1;32
33;2;01
34;2;02
35;2;03
36;2;04
37;2;05
38;2;06
39;2;07
40;2;08
41;2;09
42;2;10
43;2;11
44;2;12
45;2;13
46;2;14
47;2;15
48;2;16
49;2;17
50;2;18
51;2;19
52;2;20
53;2;21
54;2;22
55;2;23
56;2;24
57;2;25
58;2;26
59;2;27
60;3;01
61;3;02
62;3;03
63;3;04
64;3;05
65;3;06
66;3;07
67;3;08
68;3;09
69;3;10
70;3;11
71;3;12
72;3;13
73;3;14
74;4;01
75;4;02
76;4;03
77;4;04
78;4;05
79;4;06
80;4;07
81;4;08
82;4;09
83;5;01
84;5;02
85;5;03
86;5;04
87;5;05
88;5;06
89;5;07
90;5;08
91;6;01
92;6;02
93;6;03
94;6;04
95;6;05
96;6;06
97;6;07
98;6;08
99;6;09
100;6;10
101;6;11
102;6;12
103;6;13
104;6;14
105;6;15
106;6;16
107;6;17
108;6;18
109;7;01
110;7;02
111;7;03
112;7;04
113;7;05
114;7;06
115;7;07
116;7;08
117;7;09
118;7;10
119;7;11
120;7;12
121;7;13
122;7;14
123;8;01
124;8;02
125;8;03
126;8;04
127;8;05
128;8;06
129;8;07
130;8;08
131;8;09
132;8;10
133;8;11
134;8;12
135;8;13
136;9;01
137;9;02
138;9;03
139;9;04
140;9;05
141;9;06
142;9;07
143;9;08
144;9;09
145;9;10
146;9;11
147;9;12
148;9;13
149;9;14
150;9;15
151;9;16
152;9;17
153;9;18
154;9;19
155;9;20
156;9;21
157;9;22
158;9;23
159;9;24
160;9;25
161;9;26
162;10;01
163;10;02
164;10;03
165;10;04
166;10;05
167;10;06
168;10;07
169;10;08
170;10;09
171;10;10
172;10;11
173;10;12
174;10;13
175;10;14
176;10;15
177;10;16
178;10;17
179;10;18
180;10;19
181;10;20
182;10;21
183;10;22
184;10;23
185;10;24
186;11;01
187;11;02
188;11;03
189;11;04
190;11;05
191;11;06
192;11;07
193;11;08
194;11;09
195;12;01
196;12;02
197;12;03
198;12;04
199;12;05
200;12;06
201;12;07
202;12;08
203;12;09
204;12;10
205;12;11
206;13;01
207;13;02
208;13;03
209;13;04
210;13;05
211;13;06
212;13;07
213;13;08
214;13;09
215;14;01
216;14;02
217;14;03
218;14;04
219;14;05
220;14;06
221;14;07
222;14;08
223;14;09
224;14;10
225;15;01
226;15;02
227;15;03
228;15;04
229;15;05
230;15;06
231;15;07
232;15;08
233;15;09
234;16;01
235;16;02
236;16;03
237;16;04
238;16;05
239;16;06
240;16;07
241;17;01
242;17;02
243;17;03
244;17;04
245;17;05
246;17;06
247;17;07
248;17;08
249;17;09
250;17;10
251;17;11
252;17;12
253;17;13
254;17;14
255;17;15
256;18;01
257;18;02
258;18;03
259;18;04
260;18;05
261;18;06
262;18;07
263;18;08
264;18;09
265;18;10
266;19;01
267;19;02
268;19;03
269;19;04
270;19;05
271;19;06
272;20;01
273;20;02
274;20;03
275;20;04
276;20;05
277;20;06
278;20;07
279;21;01
280;21;02
281;21;03
282;21;04
283;21;05
284;21;06
285;21;07
286;21;08
287;22;01
288;22;02
289;22;03
290;22;04
291;22;05
292;22;06
293;22;07
294;22;08
295;22;09
296;22;10
297;22;11
298;22;12
299;22;13
300;22;14
301;22;15
302;22;16
303;22;17
304;22;18
305;22;19
306;22;20
307;23;01
308;23;02
309;23;03
310;23;04
311;23;05
312;23;06
313;23;07
314;23;08
315;23;09
316;23;10
317;23;11
318;23;12
319;23;13
320;23;14
321;23;15
322;23;16
323;23;17
324;23;18
325;24;01
326;24;02
327;24;03
328;24;04
329;24;05
330;24;06
331;24;07
332;24;08
333;24;09
334;24;10
335;24;11
336;25;01
337;25;02
338;25;03
339;25;04
340;25;05
341;25;06
342;25;07
343;25;08
344;26;01
345;26;02
346;26;03
347;26;04
348;26;05
349;26;06
350;26;07
351;27;01
352;27;02
353;27;03
354;27;04
355;27;05
356;27;06
357;27;07
358;27;08
359;27;09
360;27;10
361;28;01
362;28;02
363;28;03
364;28;04
365;28;05
366;28;06
367;28;07
368;28;08
369;28;09
370;28;10
371;28;11
372;28;12
373;28;13
374;28;14
375;28;15
376;28;16
377;28;17
378;28;18
379;28;19
380;28;20
381;28;21
382;28;22
383;28;23
384;29;01
385;29;02
386;29;03
387;29;04
388;29;05
389;29;06
390;29;07
391;29;08
392;30;01
393;30;02
394;30;03
395;30;04
396;30;05
397;30;06
398;31;01
399;31;02
400;31;03
401;31;04
402;31;05
403;31;06
404;31;07
405;32;01
406;32;02
407;32;03
408;32;04
409;32;05
410;32;06
411;32;07
412;32;08
413;32;09
414;32;10
415;32;11
416;32;12
417;32;13
418;32;14
419;32;15
420;32;16
421;32;17
422;32;18
423;32;19
424;32;20
425;32;21
426;32;22
427;32;23
428;32;24
429;32;25
430;32;26
431;32;27
432;32;28
433;32;29
434;32;30
435;32;31
436;32;32
437;32;33
438;32;34
439;32;35
440;32;36
441;32;37
442;32;38
443;32;39
444;32;40
445;32;41
446;32;42
447;33;01
448;33;02
449;33;03
450;33;04
451;33;05
452;33;06
453;33;07
454;33;08
455;33;09
456;33;10
457;33;11
458;33;12
459;33;13
460;33;14
461;33;15
462;33;16
463;33;17
464;33;18
465;33;19
466;33;20
467;33;21
468;33;22
469;33;23
470;34;01
471;34;02
472;34;03
473;34;04
474;34;05
475;34;06
476;34;07
477;34;08
478;34;09
479;34;10
480;34;11
481;34;12
482;34;13
483;34;14
484;34;15
485;34;16
486;34;17
487;34;18
488;34;19
489;34;20
490;34;21
491;34;22
492;34;23
493;34;24
494;34;25
495;34;26
496;34;27
497;34;28
498;34;29
499;34;30
500;35;01
501;35;02
502;35;03
503;35;04
504;35;05
505;35;06
506;35;07
507;35;08
508;35;09
509;36;01
510;36;02
511;36;03
512;36;04
513;36;05
514;36;06
515;36;07
516;36;08
517;36;09
518;36;10
519;36;11
520;36;12
521;36;13
522;36;14
523;36;15
524;36;16
525;36;17
526;36;18
527;37;01
528;37;02
529;37;03
530;37;04
531;37;05
532;37;06
533;37;07
534;37;08
535;37;09
536;37;10
537;37;11
538;38;01
539;38;02
540;38;03
541;38;04
542;38;05
543;38;06
544;38;07
545;38;08
546;38;09
547;38;10
548;38;11
549;38;12
550;38;13
551;38;14
552;38;15
553;38;16
554;39;01
555;39;02
556;39;03
557;39;04
558;39;05
559;39;06
560;39;07
561;39;08
562;39;09
563;39;10
564;39;11
565;39;12
566;39;13
567;39;14
568;39;15
569;39;16
570;39;17
571;39;18
572;39;19
573;39;20
574;39;21
575;39;22
576;40;01
577;40;02
578;40;03
579;40;04
580;40;05
581;40;06
582;40;07
583;40;08
584;40;09
585;40;10
586;40;92
587;41;01
588;41;02
589;41;03
590;41;04
591;41;05
592;41;06
593;41;07
594;41;08
595;41;09
596;41;10
597;41;11
598;41;12
599;41;13
600;41;14
601;42;01
602;42;02
603;42;03
604;42;04
605;42;05
606;42;06
607;42;07
608;42;08
609;43;01
610;43;02
611;43;03
612;43;04
613;43;05
614;43;06
615;43;07
616;43;08
617;43;09
618;43;10
619;43;12
620;43;13
621;43;14
622;43;15
623;43;16
624;43;91
625;44;01
626;44;02
627;44;03
628;44;04
629;44;05
630;44;06
631;44;07
632;44;08
633;44;09
634;44;10
635;44;11
636;44;12
637;44;13
638;44;14
639;44;15
640;44;16
641;44;17
642;45;01
643;45;02
644;45;03
645;45;04
646;45;05
647;45;06
648;45;07
649;45;08
650;45;09
651;45;10
652;45;11
653;45;12
654;45;13
655;45;14
656;45;15
657;45;16
658;45;17
659;46;01
660;46;02
661;46;03
662;46;04
663;46;05
664;46;06
665;46;07
666;46;08
667;46;09
668;46;10
669;47;01
670;47;02
671;47;03
672;47;04
673;47;05
674;47;06
675;47;07
676;47;08
677;47;09
678;47;10
679;47;11
680;47;12
681;47;13
682;47;14
683;47;15
684;48;01
685;48;02
686;48;03
687;48;04
688;48;05
689;48;06
690;48;07
691;48;08
692;48;09
693;48;10
694;49;01
695;49;02
696;49;03
697;49;04
698;49;05
699;49;06
700;49;07
701;49;08
702;49;09
703;49;10
704;49;11
705;49;12
706;49;13
707;49;14
708;49;15
709;49;16
710;49;17
711;49;18
712;50;01
713;50;02
714;50;03
715;50;04
716;50;05
717;50;06
718;50;07
719;50;08
720;50;09
721;50;10
722;50;11
723;50;12
724;50;13
725;50;14
726;50;15
727;50;16
728;50;17
729;50;18
730;50;19
731;50;20
732;50;21
733;50;22
734;50;23
735;50;24
736;51;01
737;51;02
738;51;03
739;51;04
740;51;05
741;51;06
742;51;07
743;51;08
744;51;09
745;51;10
746;51;11
747;51;12
748;51;13
749;51;14
750;51;15
751;51;16
752;51;17
753;51;18
754;51;19
755;51;20
756;51;21
757;51;22
758;51;23
759;51;24
760;51;25
761;52;01
762;52;02
763;52;03
764;52;04
765;52;05
766;52;06
767;52;07
768;52;08
769;52;09
770;52;10
771;52;11
772;52;12
773;53;01
774;53;02
775;53;03
776;53;04
777;53;05
778;53;06
779;53;07
780;53;08
781;53;09
782;53;10
783;53;11
784;53;96
785;54;01
786;54;02
787;54;03
788;54;04
789;54;05
790;54;06
791;54;07
792;54;08
793;54;09
794;54;10
795;54;11
796;54;12
797;54;13
798;55;01
799;55;02
800;55;03
801;55;04
802;55;05
803;55;06
804;55;07
805;55;08
806;55;09
807;55;10
808;55;11
809;56;01
810;56;02
811;56;03
812;56;04
813;56;05
814;56;06
815;56;07
816;57;01
817;57;02
818;57;03
819;57;04
820;57;05
821;57;06
822;57;07
823;57;08
824;57;09
825;57;10
826;57;11
827;57;12
828;57;13
829;58;01
830;58;02
831;58;03
832;58;04
833;58;05
834;58;06
835;58;07
836;58;08
837;58;09
838;58;10
839;58;11
840;58;12
841;58;13
842;59;01
843;59;02
844;59;03
845;59;04
846;59;05
847;59;06
848;59;07
849;59;08
850;59;09
851;60;01
852;60;02
853;60;03
854;60;04
855;60;05
856;60;06
857;60;94
858;61;01
859;61;02
860;61;03
861;61;04
862;61;05
863;61;06
864;61;07
865;61;08
866;62;01
867;62;02
868;62;03
869;62;04
870;62;05
871;62;06
872;63;01
873;63;02
874;63;03
875;63;04
876;63;05
877;63;06
878;63;07
879;63;08
880;63;09
881;63;10
882;63;11
883;64;01
884;64;02
885;64;03
886;64;04
887;64;05
888;64;06
889;64;07
890;64;08
891;64;09
892;65;01
893;65;02
894;65;03
895;65;04
896;65;05
897;65;06
898;65;07
899;65;08
900;66;01
901;66;02
902;66;03
903;66;04
904;66;05
905;66;06
906;66;07
907;66;08
908;66;09
909;66;10
910;66;11
911;67;01
912;67;02
913;67;03
914;67;04
915;67;05
916;68;01
917;68;02
918;68;03
919;68;04
920;68;05
921;68;06
922;68;07
923;68;08
924;68;09
925;69;01
926;69;02
927;69;03
928;69;04
929;69;05
930;69;06
931;69;07
932;69;08
933;69;09
934;69;10
935;69;11
936;69;12
937;69;13
938;69;14
939;69;15
940;69;16
941;70;01
942;70;02
943;70;03
944;70;04
945;70;05
946;70;06
947;70;07
948;70;08
949;70;09
950;70;10
951;70;11
952;70;12
953;70;13
954;70;14
955;70;15
956;71;01
957;71;02
958;71;03
959;71;04
960;71;05
961;71;06
962;71;07
963;71;08
964;71;09
965;71;10
966;71;11
967;71;12
968;71;13
969;71;14
970;71;15
971;72;01
972;72;02
973;72;03
974;72;04
975;72;05
976;72;06
977;72;07
978;72;08
979;72;09
980;72;10
981;72;11
982;72;12
983;73;01
984;73;02
985;73;03
986;73;04
987;73;05
988;73;06
989;73;07
990;73;08
991;73;09
992;73;10
993;73;11
994;74;01
995;74;02
996;74;03
997;74;04
998;74;05
999;74;06
1000;74;07
1001;74;08
1002;74;09
1003;74;10
1004;74;11
1005;74;12
1006;74;13
1007;74;14
1008;74;15
1009;74;16
1010;74;17
1011;74;18
1012;74;19
1013;74;20
1014;74;21
1015;75;01
1016;75;02
1017;75;03
1018;75;04
1019;75;05
1020;75;06
1021;75;07
1022;75;08
1023;75;09
1024;75;10
1025;75;11
1026;75;12
1027;76;01
1028;76;02
1029;76;03
1030;76;04
1031;76;05
1032;76;06
1033;76;07
1034;76;08
1035;76;09
1036;76;10
1037;76;11
1038;77;01
1039;77;02
1040;77;03
1041;77;04
1042;77;05
1043;78;01
1044;78;02
1045;78;03
1046;78;04
1047;78;05
1048;78;06
1049;78;07
1050;78;93
1051;79;01
1052;79;02
1053;79;03
1054;79;04
1055;79;05
1056;79;06
1057;79;07
1058;80;01
1059;80;02
1060;81;01
1061;81;02
1062;81;03
1063;81;04
1064;81;05
1065;81;06
1066;81;07
1067;81;08
1068;81;09
1069;82;01
1070;82;02
1071;82;03
1072;82;04
1073;82;05
1074;82;06
1075;82;07
1076;83;01
1077;83;02
1078;83;03
1079;83;04
1080;83;05
1081;83;06
1082;83;07
1083;84;01
1084;84;02
1085;84;03
1086;84;04
1087;84;05
1088;84;06
1089;84;07
1090;85;01
1091;85;02
1092;85;03
1093;85;04
1094;85;05
1095;85;06
1096;85;07
1097;85;08
1098;85;09
1099;85;10
1100;86;01
1101;86;02
1102;86;03
1103;86;04
1104;86;05
1105;86;06
1106;86;07
1107;87;01
1108;87;02
1109;87;03
1110;87;04
1111;87;05
1112;87;06
1113;87;07
1114;87;08
1115;87;09
1116;87;10
1117;87;11
1118;87;12
1119;87;13
1120;88;01
1121;88;02
1122;88;03
1123;88;04
1124;88;05
1125;88;06
1126;89;01
1127;89;02
1128;89;03
1129;89;04
1130;89;05
1131;89;06
1132;89;07
1133;89;08
1134;89;09
1135;89;10
1136;90;01
1137;90;02
1138;90;03
1139;90;04
1140;90;05
1141;90;06
1142;90;07
1143;90;08
1144;91;01
1145;91;02
1146;91;03
1147;91;04
1148;91;05
1149;91;06
1150;91;07
1151;91;08
1152;91;09
1153;91;10
1154;92;01
1155;92;02
1156;92;03
1157;92;04
1158;92;05
1159;92;06
1160;92;07
1161;92;08
1162;92;09
1163;92;10
1164;92;11
1165;92;12
1166;92;13
1167;92;14
1168;92;15
1169;92;16
1170;92;17
1171;92;18
1172;92;19
1173;92;20
1174;92;21
1175;92;22
1176;92;23
1177;92;24
1178;92;25
1179;92;26
1180;92;27
1181;92;28
1182;92;29
1183;92;30
1184;92;31
1185;92;32
1186;92;33
1187;92;34
1188;92;35
1189;92;36
1190;92;37
1191;92;38
1192;92;39
1193;92;40
1194;92;41
1195;92;42
1196;92;43
1197;92;44
1198;92;45
1199;92;46
1200;92;47
1201;92;48
1202;92;49
1203;92;50
1204;92;51
1205;92;52
1206;92;53
1207;92;54
1208;92;55
1209;92;56
1210;92;57
1211;92;58
1212;92;59
1213;92;60
1214;92;61
1215;92;62
1216;92;63
1217;92;64
1218;93;01
1219;93;02
1220;93;03
1221;93;04
1222;93;05
1223;93;06
1224;94;01
1225;94;02
1226;94;03
1227;94;04
1228;94;05
1229;94;06
1230;94;07
1231;94;08
1232;94;09
1233;94;10
1234;94;11
1235;95;01
1236;95;02
1237;95;03
1238;95;04
1239;95;05
1240;95;06
1241;95;07
1242;95;08
1243;95;09
1244;95;10
1245;95;11
1246;95;12
1247;95;13
1248;95;14
1249;95;15
1250;96;01
1251;96;02
1252;96;03
1253;96;04
1254;96;05
1255;96;06
1256;96;07
1257;96;08
1258;97;01
1259;97;02
1260;97;03
1261;98;01
1262;98;02
1263;98;03
1264;98;04
1265;98;05
1266;98;06
1267;98;07
1268;98;08
1269;98;09
1270;98;10
1271;98;11
1272;98;12
1273;98;13
1274;98;14
1275;98;15
1276;98;16
1277;98;17
1278;98;18
1279;98;19
1280;98;20
1281;99;01
1282;99;02
1283;99;03
1284;99;04
1285;99;05
1286;99;06
1287;99;07
1288;99;08
1289;99;09
1290;100;01
1291;100;02
1292;100;03
1293;100;04
1294;100;05
1295;100;06
1296;100;07
1297;100;08
1298;100;09
1299;100;10
1300;100;11
1301;100;12
1302;100;13
1303;100;14
1304;100;15
1305;100;16
1306;100;17
1307;100;18
1308;100;19
1309;100;20
1310;100;21
1311;100;22
1312;100;23
1313;100;24
1314;100;25
1315;100;26
1316;100;27
1317;100;28
1318;100;29
1319;100;30
1320;100;31
1321;100;32
1322;100;33
1323;100;34
1324;100;35
1325;100;36
1326;100;37
1327;100;38
1328;100;39
1329;100;40
1330;100;41
1331;100;42
1332;100;43
1333;100;44
1334;100;45
1335;100;46
1336;100;47
1337;100;48
1338;101;01
1339;101;02
1340;101;03
1341;101;04
1342;101;05
1343;101;06
1344;101;07
1345;101;08
1346;101;09
1347;101;10
1348;101;11
1349;101;12
1350;102;01
1351;102;02
1352;102;03
1353;102;04
1354;102;05
1355;102;06
1356;102;07
1357;102;08
1358;102;09
1359;102;10
1360;102;11
1361;102;12
1362;102;13
1363;103;01
1364;103;02
1365;103;03
1366;103;04
1367;103;05
1368;103;06
1369;103;07
1370;103;08
1371;103;09
1372;103;10
1373;103;11
1374;103;12
1375;104;01
1376;104;02
1377;104;03
1378;104;04
1379;104;05
1380;104;06
1381;104;07
1382;104;08
1383;104;09
1384;104;10
1385;104;11
1386;104;12
1387;104;13
1388;104;14
1389;104;15
1390;105;01
1391;105;02
1392;105;03
1393;105;04
1394;105;05
1395;105;06
1396;105;07
1397;105;08
1398;105;09
1399;105;10
1400;105;11
1401;105;12
1402;105;13
1403;106;01
1404;106;02
1405;106;03
1406;106;04
1407;106;05
1408;106;06
1409;106;07
1410;106;08
1411;106;09
1412;106;10
1413;107;01
1414;107;02
1415;107;03
1416;107;04
1417;107;05
1418;107;06
1419;107;07
1420;107;08
1421;107;09
1422;107;10
1423;108;01
1424;108;02
1425;108;03
1426;108;04
1427;109;01
1428;109;02
1429;109;03
1430;109;04
1431;109;05
1432;109;06
1433;109;07
1434;110;01
1435;110;02
1436;110;03
1437;110;04
1438;110;05
1439;111;01
1440;111;02
1441;111;03
1442;111;04
1443;111;05
1444;112;01
1445;112;02
1446;112;03
1447;112;04
1448;112;05
1449;112;06
1450;112;07
1451;112;08
1452;112;09
1453;112;10
1454;112;11
1455;112;12
1456;112;13
1457;113;01
1458;113;02
1459;113;03
1460;113;04
1461;113;05
1462;113;06
1463;113;07
1464;113;08
1465;114;01
1466;114;02
1467;115;01
1468;115;02
1469;115;03
1470;115;04
1471;115;05
1472;115;06
1473;115;07
1474;115;08
1475;115;09
1476;116;01
1477;116;02
1478;116;03
1479;116;04
1480;116;05
1481;116;06
1482;116;07
1483;116;08
1484;116;09
1485;116;10
1486;116;11
1487;116;12
1488;116;13
1489;116;14
1490;117;01
1491;117;02
1492;117;03
1493;117;04
1494;117;05
1495;117;06
1496;117;07
1497;117;08
1498;117;09
1499;117;10
1500;117;11
1501;117;12
1502;117;13
1503;117;14
1504;117;15
1505;117;16
1506;118;01
1507;118;02
1508;118;03
1509;118;04
1510;118;05
1511;118;06
1512;118;07
1513;118;08
1514;118;09
1515;118;10
1516;118;11
1517;118;12
1518;118;13
1519;118;14
1520;118;15
1521;118;16
1522;118;17
1523;118;18
1524;118;19
1525;118;20
1526;118;21
1527;118;22
1528;118;23
1529;119;01
1530;119;02
1531;119;03
1532;119;04
1533;119;05
1534;119;06
1535;119;07
1536;119;08
1537;119;09
1538;119;10
1539;119;11
1540;119;12
1541;119;13
1542;119;14
1543;119;90
1544;120;01
1545;120;02
1546;120;03
1547;120;04
1548;120;05
1549;120;06
1550;120;07
1551;120;08
1552;120;09
1553;120;10
1554;120;11
1555;120;12
1556;120;13
1557;120;14
1558;120;15
1559;120;16
1560;120;17
1561;120;18
1562;121;01
1563;121;02
1564;121;03
1565;122;01
1566;122;02
1567;122;03
1568;122;04
1569;122;05
1570;122;06
1571;122;07
1572;122;08
1573;122;09
1574;122;10
1575;122;11
1576;122;12
1577;122;13
1578;122;14
1579;122;15
1580;122;16
1581;122;17
1582;122;18
1583;122;19
1584;122;20
1585;122;21
1586;122;22
1587;122;23
1588;122;24
1589;122;25
1590;122;26
1591;122;27
1592;123;01
1593;123;02
1594;123;03
1595;123;04
1596;123;05
1597;123;06
1598;124;01
1599;124;02
1600;124;03
1601;124;04
1602;124;05
1603;124;06
1604;124;07
1605;124;08
1606;124;09
1607;124;10
1608;124;11
1609;124;12
1610;124;13
1611;125;01
1612;125;02
1613;125;03
1614;126;01
1615;126;02
1616;126;03
1617;126;04
1618;127;01
1619;127;02
1620;127;03
1621;127;04
1622;127;05
1623;127;06
1624;127;07
1625;127;08
1626;127;09
1627;127;10
1628;127;11
1629;127;12
1630;128;01
1631;128;02
1632;129;01
1633;129;02
1634;129;03
1635;129;04
1636;129;05
1637;129;06
1638;129;07
1639;129;08
1640;129;09
1641;129;10
1642;129;11
1643;129;98
1644;130;01
1645;130;02
1646;130;03
1647;130;04
1648;130;05
1649;130;06
1650;130;07
1651;130;08
1652;130;09
1653;130;10
1654;130;11
1655;130;12
1656;130;13
1657;130;14
1658;131;01
1659;131;02
1660;131;03
1661;131;04
1662;131;05
1663;131;06
1664;131;07
1665;131;08
1666;131;09
1667;131;10
1668;131;11
1669;131;12
1670;132;01
1671;132;02
1672;132;03
1673;132;04
1674;132;05
1675;132;06
1676;132;07
1677;132;08
1678;132;09
1679;132;10
1680;132;11
1681;132;12
1682;133;01
1683;133;02
1684;133;03
1685;133;04
1686;133;05
1687;133;06
1688;133;07
1689;134;01
1690;134;02
1691;134;03
1692;134;04
1693;134;05
1694;134;06
1695;134;07
1696;134;08
1697;134;09
1698;134;10
1699;134;11
1700;135;01
1701;135;02
1702;135;03
1703;135;04
1704;135;05
1705;135;06
1706;135;07
1707;135;08
1708;135;09
1709;135;10
1710;136;01
1711;136;02
1712;136;03
1713;136;04
1714;136;05
1715;136;06
1716;136;07
1717;136;08
1718;136;09
1719;137;01
1720;137;02
1721;138;01
1722;138;02
1723;138;03
1724;138;04
1725;138;05
1726;138;06
1727;138;07
1728;138;08
1729;138;09
1730;138;10
1731;138;11
1732;138;12
1733;138;13
1734;138;14
1735;138;15
1736;138;16
1737;139;01
1738;139;02
1739;139;03
1740;139;04
1741;139;05
1742;139;06
1743;140;01
1744;140;02
1745;140;03
1746;140;04
1747;140;05
1748;140;06
1749;140;07
1750;140;08
1751;140;09
1752;140;10
1753;141;01
1754;141;02
1755;141;03
1756;141;04
1757;141;05
1758;141;06
1759;141;07
1760;141;08
1761;141;09
1762;141;10
1763;141;11
1764;141;12
1765;141;13
1766;141;14
1767;141;15
1768;141;16
1769;141;99
1770;142;01
1771;142;02
1772;142;03
1773;142;04
1774;142;05
1775;142;06
1776;142;07
1777;142;08
1778;142;09
1779;142;10
1780;142;11
1781;142;12
1782;142;13
1783;142;14
1784;142;15
1785;142;16
1786;142;17
1787;142;18
1788;142;19
1789;142;20
1790;142;97
1791;143;01
1792;143;02
1793;143;03
1794;143;04
1795;143;05
1796;143;06
1797;143;07
1798;143;08
1799;144;01
1800;144;02
1801;144;03
1802;144;04
1803;144;05
1804;144;06
1805;144;07
1806;144;08
1807;144;09
1808;144;10
1809;144;11
1810;144;12
1811;145;01
1812;145;02
1813;145;03
1814;145;04
1815;145;05
1816;145;06
1817;145;07
1818;145;08
1819;145;09
1820;145;10
1821;145;11
1822;145;12
1823;145;13
1824;145;14
1825;145;15
1826;145;16
1827;145;17
1828;146;01
1829;146;02
1830;146;03
1831;146;04
1832;146;05
1833;146;06
1834;146;07
1835;146;08
1836;146;09
1837;146;10
1838;147;01
1839;147;02
1840;147;03
1841;147;04
1842;147;05
1843;147;06
1844;148;01
1845;148;02
1846;148;03
1847;148;04
1848;148;05
1849;148;06
1850;148;07
1851;148;08
1852;148;09
1853;149;01
1854;149;02
1855;149;03
1856;149;04
1857;149;05
1858;149;06
1859;149;07
1860;149;08
1861;149;09
1862;149;10
1863;149;11
1864;149;12
1865;149;13
1866;149;14
1867;149;15
1868;149;16
1869;149;17
1870;149;18
1871;150;01
1872;150;02
1873;150;03
1874;150;04
1875;150;05
1876;150;06
1877;150;07
1878;150;08
1879;150;09
1880;150;10
1881;150;11
1882;150;12
1883;150;13
1884;150;14
1885;150;15
1886;150;16
1887;150;17
1888;150;18
1889;151;01
1890;151;02
1891;152;01
1892;152;02
1893;152;03
1894;152;04
1895;152;05
1896;152;06
1897;152;07
1898;152;08
1899;152;09
1900;152;10
1901;152;11
1902;152;12
1903;152;13
1904;152;14
1905;153;01
1906;153;02
1907;153;03
1908;153;04
1909;153;05
1910;154;01
1911;154;02
1912;154;03
1913;154;04
1914;154;05
1915;154;06
1916;154;07
1917;154;08
1918;154;09
1919;154;10
1920;154;11
1921;154;12
1922;154;13
1923;154;14
1924;154;15
1925;154;16
1926;154;17
1927;154;18
1928;155;01
1929;155;02
1930;155;03
1931;155;04
1932;155;05
1933;155;06
1934;155;07
1935;155;08
1936;155;09
1937;155;10
1938;155;11
1939;155;12
1940;155;13
1941;155;14
1942;155;15
1943;155;95
1944;156;01
1945;156;02
1946;156;03
1947;156;04
1948;157;01
1949;157;02
1950;157;03
1951;157;04
1952;157;05
1953;157;06
1954;157;07
1955;157;08
1956;157;09
1957;158;01
1958;158;02
1959;158;03
1960;158;04
1961;158;05
1962;158;06
1963;158;07
1964;158;08
1965;158;09
1966;158;10
1967;159;01
1968;159;02
1969;159;03
1970;160;01
1971;160;02
1972;160;03
1973;160;04
1974;160;05
1975;160;06
1976;161;01
1977;161;02
1978;161;03
1979;161;04
1980;161;05
1981;161;06
1982;162;01
1983;162;02
1984;162;03
1985;162;04
1986;162;05
1987;162;06
1988;162;07
1989;163;01
1990;163;02
1991;163;03
1992;163;04
1993;163;05
1994;163;06
1995;163;07
1996;164;01
1997;164;02
1998;165;01
1999;165;02
2000;165;03
2001;165;04
2002;166;01
2003;166;02
2004;166;03
2005;166;04
2006;166;05
2007;166;06
2008;167;01
2009;167;02
2010;167;03
2011;167;04
2012;168;01
2013;168;02
2014;168;03
2015;168;04
2016;168;05
2017;168;06
2018;168;07
2019;169;01
2020;169;02
2021;169;03
2022;169;04
2023;170;01
2024;170;02
2025;170;03
2026;170;04
2027;170;05
2028;170;06
2029;170;07
2030;170;08
2031;171;01
2032;171;02
2033;171;03
2034;171;04
2035;172;01
2036;172;02
2037;172;03
2038;172;04
2039;172;05
2040;172;06
2041;172;07
2042;173;01
2043;173;02
2044;173;03
2045;173;04
2046;173;05
2047;173;06
2048;173;07
2049;173;08
2050;173;09
2051;173;10
2052;173;11
2053;173;12
2054;173;13
2055;173;14
2056;173;15
2057;173;16
2058;173;17
2059;173;18
2060;173;19
2061;173;20
2062;173;21
2063;173;22
2064;173;23
2065;173;24
2066;173;25
2067;173;26
2068;173;27
2069;173;28
2070;173;29
2071;173;30
2072;173;31
2073;173;32
2074;173;33
2075;173;34
2076;173;35
2077;173;36
2078;173;37
2079;173;38
2080;173;39
2081;173;40
2082;173;41
2083;173;42
2084;173;43
2085;173;44
2086;173;45
2087;173;46
2088;173;47
2089;173;48
2090;173;49
2091;173;50
2092;173;51
2093;173;52
2094;173;53
2095;173;54
2096;173;55
2097;173;56
2098;173;57
2099;173;58
2100;173;59
2101;173;60
2102;173;61
2103;173;62
2104;173;63
2105;173;64
2106;173;65
2107;173;66
2108;173;67
2109;173;68
2110;173;69
2111;173;70
2112;173;71
2113;173;72
2114;173;73
2115;173;74
2116;173;75
2117;173;76
2118;173;77
2119;173;78
2120;173;79
2121;173;80
2122;173;81
2123;173;82
2124;173;83
2125;173;84
2126;174;01
2127;174;02
2128;174;03
2129;174;04
2130;174;05
2131;174;06
2132;174;07
2133;174;08
2134;175;01
2135;175;02
2136;175;03
2137;175;04
2138;175;05
2139;175;06
2140;175;07
2141;176;01
2142;176;02
2143;176;03
2144;176;04
2145;176;05
2146;177;01
2147;177;02
2148;177;03
2149;177;04
2150;177;05
2151;177;06
2152;177;07
2153;177;08
2154;177;09
2155;178;01
2156;178;02
2157;178;03
2158;178;04
2159;178;05
2160;178;06
2161;179;01
2162;179;02
2163;179;03
2164;179;04
2165;179;05
2166;180;01
2167;180;02
2168;180;03
2169;180;04
2170;180;05
2171;180;06
2172;180;07
2173;180;08
2174;180;09
2175;180;10
2176;180;11
2177;181;01
2178;181;02
2179;181;03
2180;181;04
2181;181;05
2182;182;01
2183;182;02
2184;182;03
2185;183;01
2186;183;02
2187;183;03
2188;183;04
2189;183;05
2190;184;01
2191;184;02
2192;184;03
2193;184;04
2194;184;05
2195;184;06
2196;184;07
2197;184;08
2198;184;09
2199;184;10
2200;184;11
2201;184;12
2202;184;13
2203;185;01
2204;185;02
2205;185;03
2206;185;04
2207;185;05
2208;185;06
2209;185;07
2210;185;08
2211;185;09
2212;185;10
2213;185;11
2214;185;12
2215;185;13
2216;185;14
2217;186;01
2218;186;02
2219;186;03
2220;186;04
2221;186;05
2222;186;06
2223;186;07
2224;186;08
2225;186;09
2226;186;10
2227;186;11
2228;187;01
2229;187;02
2230;187;03
2231;187;04
2232;187;05
2233;188;01
2234;188;02
2235;188;03
2236;188;04
2237;188;05
2238;188;06
2239;188;07
2240;188;08
2241;188;09
2242;188;10
2243;188;11
2244;188;12
2245;188;13
2246;189;01
2247;189;02
2248;189;03
2249;189;04
2250;189;05
2251;189;06
2252;189;07
2253;190;01
2254;190;02
2255;190;03
2256;190;04
2257;190;05
2258;190;06
2259;190;07
2260;191;01
2261;191;02
2262;191;03
2263;191;04
2264;191;05
2265;191;06
2266;191;07
2267;191;08
2268;191;09
2269;191;10
2270;191;11
2271;191;12
2272;192;01
2273;192;02
2274;192;03
2275;192;04
2276;192;05
2277;192;06
2278;192;07
2279;192;08
2280;192;09
2281;192;10
2282;192;11
2283;193;01
2284;193;02
2285;193;03
2286;193;04
2287;193;05
2288;194;01
2289;194;02
2290;194;03
2291;194;04
2292;194;05
2293;194;06
2294;194;07
2295;194;08
2296;194;09
2297;194;10
2298;194;11
2299;194;12
2300;195;01
2301;195;02
2302;195;03
2303;195;04
2304;195;05
2305;196;01
2306;196;02
2307;196;03
2308;196;04
2309;196;05
2310;197;01
2311;197;02
2312;197;03
2313;197;04
2314;197;05
2315;197;06
2316;197;07
2317;198;01
2318;198;02
2319;198;03
2320;198;04
2321;198;05
2322;198;06
2323;198;07
2324;198;08
2325;199;01
2326;199;02
2327;199;03
2328;199;04
2329;200;01
2330;200;02
2331;200;03
2332;200;04
2333;200;05
2334;200;06
2335;200;07
2336;200;08
2337;200;09
2338;200;10
2339;200;11
2340;200;12
2341;200;13
2342;200;14
2343;200;15
2344;200;16
2345;200;17
2346;200;18
2347;201;01
2348;201;02
2349;201;03
2350;201;04
2351;201;05
2352;201;06
2353;201;07
2354;202;01
2355;202;02
2356;202;03
2357;202;04
2358;202;05
2359;202;06
2360;202;07
2361;202;08
2362;202;09
2363;202;10
2364;202;11
2365;202;12
2366;202;13
2367;202;14
2368;202;15
2369;202;16
2370;202;17
2371;202;18
2372;203;01
2373;203;02
2374;203;03
2375;203;04
2376;203;05
2377;204;01
2378;204;02
2379;204;03
2380;204;04
2381;204;05
2382;204;06
2383;204;07
2384;204;08
2385;204;09
2386;204;10
2387;204;11
2388;205;01
2389;205;02
2390;205;03
2391;205;04
2392;205;05
2393;205;06
2394;206;01
2395;206;02
2396;206;03
2397;206;04
2398;206;05
2399;206;06
2400;206;07
2401;206;08
2402;207;01
2403;207;02
2404;207;03
2405;207;04
2406;207;05
2407;207;06
2408;207;07
2409;207;08
2410;207;09
2411;207;10
2412;207;11
2413;207;12
2414;207;13
2415;207;14
2416;207;15
2417;207;16
2418;207;17
2419;207;18
2420;207;19
2421;207;20
2422;207;21
2423;207;22
2424;208;01
2425;208;02
2426;208;03
2427;208;04
2428;208;05
2429;208;06
2430;209;01
2431;209;02
2432;209;03
2433;209;04
2434;209;05
2435;209;06
2436;209;07
2437;209;08
2438;209;09
2439;209;10
2440;209;11
2441;209;12
2442;210;01
2443;210;02
2444;210;03
2445;210;04
2446;210;05
2447;210;06
2448;210;07
2449;210;08
2450;211;01
2451;211;02
2452;211;03
2453;211;04
2454;211;05
2455;212;01
2456;212;02
2457;212;03
2458;212;04
2459;212;05
2460;212;06
2461;212;07
2462;212;08
2463;212;09
2464;212;10
2465;212;11
2466;212;12
2467;212;13
2468;212;14
2469;212;15
2470;212;16
2471;212;17
2472;212;18
2473;212;19
2474;212;20
2475;213;01
2476;213;02
2477;213;03
2478;213;04
2479;213;05
2480;213;06
2481;213;07
2482;213;08
2483;214;01
2484;214;02
2485;214;03
2486;214;04
2487;214;05
2488;214;06
2489;214;07
2490;214;08
2491;214;09
2492;214;10
2493;214;11
2494;214;12
2495;214;13
2496;214;14
2497;214;15
2498;215;01
2499;215;02
2500;215;03
2501;215;04
2502;215;05
2503;215;06
2504;215;07
2505;215;08
2506;215;09
2507;216;01
2508;216;02
2509;216;03
2510;216;04
2511;216;05
2512;217;01
2513;217;02
2514;217;03
2515;217;04
2516;217;05
2517;217;06
2518;217;07
2519;217;08
2520;217;09
2521;218;01
2522;218;02
2523;218;03
2524;218;04
2525;218;05
2526;218;06
2527;218;07
2528;218;08
2529;218;09
2530;218;10
2531;218;11
2532;218;12
2533;219;01
2534;219;02
2535;219;03
2536;219;04
2537;219;05
2538;219;06
2539;219;07
2540;219;08
2541;220;01
2542;220;02
2543;220;03
2544;220;04
2545;220;05
2546;220;06
2547;221;01
2548;221;02
2549;221;03
2550;221;04
2551;221;05
2552;221;06
2553;221;07
2554;221;08
2555;221;09
2556;221;10
2557;221;11
2558;221;12
2559;221;13
2560;221;14
2561;221;15
2562;221;16
2563;222;01
2564;222;02
2565;222;03
2566;222;04
2567;222;05
2568;222;06
2569;222;07
2570;222;08
2571;223;01
2572;223;02
2573;223;03
2574;223;04
2575;223;05
2576;223;06
2577;223;07
2578;223;08
2579;223;09
2580;224;01
2581;224;02
2582;224;03
2583;224;04
2584;224;05
2585;224;06
2586;224;07
2587;224;08
2588;224;09
2589;225;01
2590;225;02
2591;225;03
2592;225;04
2593;225;05
2594;225;06
2595;225;07
2596;225;08
2597;225;09
2598;225;10
2599;225;11
2600;225;12
2601;225;13
2602;225;14
2603;225;15
2604;225;16
2605;225;17
2606;226;01
2607;226;02
2608;226;03
2609;226;04
2610;226;05
2611;227;01
2612;227;02
2613;227;03
2614;227;04
2615;227;05
2616;227;06
2617;227;07
2618;227;08
2619;227;09
2620;228;01
2621;228;02
2622;228;03
2623;229;01
2624;229;02
2625;229;03
2626;229;04
2627;229;05
2628;230;01
2629;230;02
2630;230;03
2631;230;04
2632;231;01
2633;231;02
2634;231;03
2635;231;04
2636;232;01
2637;232;02
2638;232;03
2639;232;04
2640;232;05
2641;232;06
2642;232;07
2643;233;01
2644;233;02
2645;233;03
2646;233;04
2647;233;05
2648;233;06
2649;234;01
2650;234;02
2651;234;03
2652;234;04
2653;235;01
2654;235;02
2655;235;03
2656;235;04
2657;235;05
2658;235;06
2659;235;07
2660;235;08
2661;235;09
2662;235;10
2663;235;11
2664;235;12
2665;236;01
2666;236;02
2667;236;03
2668;236;04
2669;236;05
2670;236;06
2671;236;07
2672;237;01
2673;237;02
2674;237;03
2675;237;04
2676;237;05
2677;237;06
2678;237;07
2679;238;01
2680;238;02
2681;238;03
2682;238;04
2683;239;01
2684;239;02
2685;239;03
2686;239;04
2687;239;05
2688;239;06
2689;239;07
2690;239;08
2691;239;09
2692;239;10
2693;240;01
2694;240;02
2695;240;03
2696;241;01
2697;241;02
2698;241;03
2699;242;01
2700;242;02
2701;242;03
2702;242;04
2703;242;05
2704;243;01
2705;243;02
2706;243;03
2707;243;04
2708;243;05
2709;243;06
2710;243;07
2711;243;08
2712;243;09
2713;243;10
2714;243;11
2715;243;12
2716;243;13
2717;243;14
2718;243;15
2719;243;16
2720;243;17
2721;243;18
2722;243;19
2723;243;20
2724;243;21
2725;243;22
2726;243;23
2727;243;24
2728;243;25
2729;243;26
2730;243;27
2731;243;28
2732;244;01
2733;244;02
2734;244;03
2735;244;04
2736;245;01
2737;245;02
2738;245;03
2739;246;01
2740;246;02
2741;246;03
2742;246;04
2743;247;01
2744;247;02
2745;247;03
2746;247;04
2747;248;01
2748;248;02
2749;248;03
2750;248;04
2751;248;05
2752;249;01
2753;249;02
2754;249;03
2755;249;04
2756;249;05
2757;249;06
2758;249;07
2759;249;08
2760;249;09
2761;249;10
2762;249;11
2763;250;01
2764;250;02
2765;250;03
2766;250;04
2767;250;05
2768;250;06
2769;250;07
2770;250;08
2771;250;09
2772;250;10
2773;250;11
2774;250;12
2775;251;01
2776;251;02
2777;251;03
2778;252;01
2779;252;02
2780;252;03
2781;252;04
2782;252;05
2783;253;01
2784;253;02
2785;253;03
2786;253;04
2787;254;01
2788;254;02
2789;255;01
2790;255;02
2791;255;03
2792;256;01
2793;256;02
2794;256;03
2795;256;04
2796;257;01
2797;257;02
2798;258;01
2799;258;02
2800;258;03
2801;258;04
2802;258;05
2803;258;06
2804;258;07
2805;258;08
2806;258;09
2807;259;01
2808;259;02
2809;259;03
2810;259;04
2811;259;05
2812;260;01
2813;260;02
2814;260;03
2815;260;04
2816;261;01
2817;261;02
2818;261;03
2819;262;01
2820;262;02
2821;263;01
2822;263;02
2823;263;03
2824;263;04
2825;263;05
2826;263;06
2827;263;07
2828;263;08
2829;263;09
2830;263;10
2831;263;11
2832;264;01
2833;264;02
2834;264;03
2835;264;04
2836;264;05
2837;264;06
2838;264;07
2839;264;08
2840;264;09
2841;264;10
2842;264;11
2843;265;01
2844;265;02
2845;265;03
2846;265;04
2847;265;05
2848;265;06
2849;265;07
2850;265;08
2851;265;09
2852;266;01
2853;266;02
2854;266;03
2855;266;04
2856;266;05
2857;266;06
2858;266;07
2859;266;08
2860;266;09
2861;266;10
2862;267;01
2863;267;02
2864;267;03
2865;267;04
2866;267;05
2867;267;06
2868;267;07
2869;267;08
2870;268;01
2871;268;02
2872;268;03
2873;268;04
2874;268;05
2875;268;06
2876;268;07
2877;269;01
2878;269;02
2879;269;03
2880;269;04
2881;269;05
2882;269;06
2883;269;07
2884;269;08
2885;269;09
2886;269;10
2887;269;11
2888;269;12
2889;269;13
2890;270;01
2891;270;02
2892;270;03
2893;270;04
2894;270;05
2895;270;06
2896;270;07
2897;270;08
2898;270;09
2899;270;10
2900;270;11
2901;270;12
2902;270;13
2903;270;14
2904;270;15
2905;270;16
2906;270;17
2907;270;18
2908;270;19
2909;270;20
2910;271;01
2911;271;02
2912;271;03
2913;271;04
2914;271;05
2915;272;01
2916;272;02
2917;272;03
2918;272;04
2919;272;05
2920;272;06
2921;272;07
2922;272;08
2923;272;09
2924;272;10
2925;272;11
2926;273;01
2927;273;02
2928;273;03
2929;273;04
2930;273;05
2931;273;06
2932;273;07
2933;273;08
2934;274;01
2935;274;02
2936;274;03
2937;274;04
2938;274;05
2939;274;06
2940;274;07
2941;274;08
2942;274;09
2943;274;10
2944;274;11
2945;274;12
2946;274;13
2947;274;14
2948;274;15
2949;274;16
2950;274;17
2951;274;18
2952;274;19
2953;274;20
2954;274;21
2955;274;22
2956;274;23
2957;274;24
2958;274;25
2959;274;26
2960;274;27
2961;274;28
2962;274;29
2963;275;01
2964;275;02
2965;275;03
2966;275;04
2967;275;05
2968;275;06
2969;275;07
2970;276;01
2971;276;02
2972;276;03
2973;276;04
2974;276;05
2975;276;06
2976;276;07
2977;276;08
2978;276;09
2979;276;10
2980;276;11
2981;277;01
2982;277;02
2983;277;03
2984;277;04
2985;277;05
2986;277;06
2987;277;07
2988;277;08
2989;277;09
2990;277;10
2991;277;11
2992;277;12
2993;277;13
2994;277;14
2995;277;15
2996;277;16
2997;278;01
2998;278;02
2999;278;03
3000;278;04
3001;278;05
3002;278;06
3003;279;01
3004;279;02
3005;279;03
3006;279;04
3007;279;05
3008;279;06
3009;279;07
3010;279;08
3011;279;09
3012;279;10
3013;279;11
3014;280;01
3015;280;02
3016;280;03
3017;280;04
3018;280;05
3019;280;06
3020;280;07
3021;280;08
3022;281;01
3023;281;02
3024;281;03
3025;281;04
3026;281;05
3027;281;06
3028;281;07
3029;281;08
3030;281;09
3031;281;10
3032;281;11
3033;281;12
3034;281;13
3035;281;14
3036;281;15
3037;281;16
3038;281;17
3039;281;18
3040;281;19
3041;281;20
3042;282;01
3043;282;02
3044;282;03
3045;282;04
3046;282;05
3047;282;06
3048;282;07
3049;283;01
3050;283;02
3051;283;03
3052;284;01
3053;284;02
3054;284;03
3055;284;04
3056;284;05
3057;284;06
3058;284;07
3059;284;08
3060;284;09
3061;284;10
3062;284;11
3063;284;12
3064;284;13
3065;284;14
3066;284;15
3067;284;16
3068;284;17
3069;284;18
3070;284;19
3071;284;20
3072;284;21
3073;285;01
3074;285;02
3075;285;03
3076;285;04
3077;285;05
3078;286;01
3079;286;02
3080;286;03
3081;286;04
3082;286;05
3083;286;06
3084;286;07
3085;286;08
3086;286;09
3087;286;10
3088;286;11
3089;287;01
3090;287;02
3091;287;03
3092;287;04
3093;287;05
3094;287;06
3095;287;07
3096;287;08
3097;287;09
3098;287;10
3099;287;11
3100;287;12
3101;287;13
3102;287;14
3103;287;15
3104;287;16
3105;287;17
3106;287;18
3107;288;01
3108;288;02
3109;289;01
3110;289;02
3111;289;03
3112;289;04
3113;289;05
3114;290;01
3115;290;02
3116;290;03
3117;290;04
3118;290;05
3119;290;06
3120;291;01
3121;291;02
3122;291;03
3123;291;04
3124;291;05
3125;291;06
3126;291;07
3127;291;08
3128;291;09
3129;291;10
3130;291;11
3131;291;12
3132;291;13
3133;292;01
3134;292;02
3135;292;03
3136;292;04
3137;292;05
3138;292;06
3139;293;01
3140;293;02
3141;293;03
3142;293;04
3143;293;05
3144;293;06
3145;294;01
3146;294;02
3147;294;03
3148;294;04
3149;294;05
3150;295;01
3151;295;02
3152;295;03
3153;296;01
3154;296;02
3155;296;03
3156;297;01
3157;297;02
3158;297;03
3159;297;04
3160;297;05
3161;298;01
3162;298;02
3163;298;03
3164;298;04
3165;298;05
3166;298;06
3167;299;01
3168;299;02
3169;299;03
3170;300;01
3171;300;02
3172;300;03
3173;300;04
3174;300;05
3175;301;01
3176;301;02
3177;301;03
3178;301;04
3179;301;05
3180;301;06
3181;302;01
3182;302;02
3183;302;03
3184;302;04
3185;302;05
3186;303;01
3187;303;02
3188;303;03
3189;303;04
3190;304;01
3191;304;02
3192;304;03
3193;304;04
3194;304;05
3195;304;06
3196;305;01
3197;305;02
3198;305;03
3199;305;04
3200;305;05
3201;306;01
3202;306;02
3203;307;01
3204;307;02
3205;307;03
3206;307;04
3207;307;05
3208;307;06
3209;307;07
3210;307;08
3211;308;01
3212;308;02
3213;308;03
3214;308;04
3215;309;01
3216;309;02
3217;309;03
3218;309;04
3219;309;05
3220;309;06
3221;309;07
3222;310;01
3223;310;02
3224;310;03
3225;311;01
3226;312;01
3227;312;02
3228;312;03
3229;312;04
3230;312;05
3231;312;06
3232;313;01
3233;314;01
3234;314;02
3235;314;03
3236;314;04
3237;314;05
3238;315;01
3239;315;02
3240;315;03
3241;315;04
3242;316;01
3243;316;02
3244;317;01
3245;318;01
3246;318;02
3247;318;03
3248;318;04
3249;319;01
3250;319;02
3251;319;03
3252;319;04
3253;319;05
3254;319;06
3255;319;07
3256;320;01
3257;320;02
3258;320;03
3259;321;01
3260;321;02
3261;321;03
3262;321;04
3263;322;01
3264;322;02
3265;322;03
3266;322;04
3267;322;05
3268;323;01
3269;323;02
3270;323;03
3271;323;04
3272;323;05
3273;323;06
3274;323;07
3275;324;01
3276;324;02
3277;324;03
3278;325;01
3279;325;02
3280;325;03
3281;326;01
3282;326;02
3283;326;03
3284;326;04
3285;326;05
3286;326;06
3287;326;07
3288;327;01
3289;327;02
3290;328;01
3291;328;02
3292;328;03
3293;328;04
3294;328;05
3295;328;06
3296;328;07
3297;328;08
3298;328;09
3299;329;01
3300;329;02
3301;330;01
3302;330;02
3303;331;01
3304;331;02
3305;332;01
3306;332;02
3307;332;03
3308;332;04
3309;333;01
3310;333;02
3311;334;01
3312;335;01
3313;335;02
3314;336;01
3315;336;02
3316;337;01
3317;338;01
3318;338;02
3319;339;01
3320;339;02
3321;340;01
3322;341;01
3323;342;01
3324;342;02
3325;342;03
3326;343;01
3327;343;02
3328;344;01
3329;345;01
3330;345;02
3331;345;03
3332;345;04
3333;345;05
3334;345;06
3335;345;07
3336;345;08
3337;345;09
3338;345;10
3339;345;11
3340;346;01
3341;346;02
3342;346;03
3343;346;04
3344;346;05
3345;346;06
3346;346;07
3347;347;01
3348;347;02
3349;347;03
3350;347;04
3351;347;05
3352;347;06
3353;347;07
3354;347;08
3355;347;09
3356;347;10
3357;347;11
3358;347;12
3359;347;13
3360;348;01
3361;348;02
3362;348;03
3363;348;04
3364;348;05
3365;348;06
3366;348;07
3367;348;08
3368;348;09
3369;348;10
3370;348;11
3371;348;12
3372;348;13
3373;348;14
3374;349;01
3375;349;02
3376;349;03
3377;349;04
3378;349;05
3379;350;01
3380;350;02
3381;350;03
3382;350;04
3383;351;01
3384;351;02
3385;351;03
3386;351;04
3387;351;05
3388;351;06
3389;351;07
3390;351;08
3391;351;09
3392;351;10
3393;351;11
3394;352;01
3395;352;02
3396;352;03
3397;352;04
3398;352;05
3399;352;06
3400;352;07
3401;353;01
3402;353;02
3403;353;03
3404;353;04
3405;353;05
3406;353;07
3407;353;08
3408;354;01
3409;354;02
3410;354;03
3411;354;04
3412;354;05
3413;354;06
3414;354;07
3415;355;01
3416;355;02
3417;355;03
3418;355;04
3419;356;01
3420;356;02
3421;356;03
3422;356;04
3423;356;05
3424;356;06
3425;356;07
3426;357;01
3427;357;02
3428;357;03
3429;357;04
3430;357;05
3431;357;06
3432;358;01
3433;358;02
3434;358;03
3435;358;04
3436;358;05
3437;358;06
3438;358;07
3439;358;08
3440;359;01
3441;359;02
3442;359;03
3443;359;04
3444;359;05
3445;359;06
3446;359;07
3447;359;08
3448;359;09
3449;359;10
3450;359;11
3451;359;12
3452;359;13
3453;359;14
3454;359;15
3455;359;16
3456;360;01
3457;360;02
3458;360;03
3459;360;04
3460;360;05
3461;360;06
3462;361;02
3463;361;03
3464;361;04
3465;361;05
3466;362;01
3467;362;02
3468;362;03
3469;362;04
3470;362;05
3471;363;01
3472;363;02
3473;363;03
3474;363;04
3475;363;05
3476;363;06
3477;364;01
3478;364;02
3479;364;03
3480;364;04
3481;364;05
3482;364;06
3483;364;07
3484;364;08
3485;364;09
3486;364;10
3487;365;01
3488;365;02
3489;365;03
3490;365;04
3491;365;05
3492;365;06
3493;365;07
3494;366;01
3495;366;02
3496;366;03
3497;366;04
3498;366;05
3499;366;06
3500;366;07
3501;366;08
3502;366;09
3503;366;10
3504;366;11
3505;366;12
3506;366;13
3507;366;14
3508;366;15
3509;366;16
3510;366;17
3511;366;18
3512;366;19
3513;366;20
3514;366;21
3515;366;22
3516;366;23
3517;367;01
3518;367;02
3519;367;03
3520;367;04
3521;368;01
3522;368;02
3523;368;03
3524;368;04
3525;368;05
3526;368;06
3527;368;07
3528;368;08
3529;368;09
3530;368;10
3531;369;01
3532;369;02
3533;369;03
3534;369;04
3535;370;01
3536;370;02
3537;370;03
3538;370;04
3539;370;05
3540;370;06
3541;370;07
3542;370;08
3543;370;09
3544;371;01
3545;371;02
3546;371;03
3547;371;04
3548;371;05
3549;371;06
3550;371;07
3551;371;08
3552;371;09
3553;371;10
3554;372;01
3555;372;02
3556;372;03
3557;372;04
3558;372;05
3559;372;06
3560;372;07
3561;372;08
3562;373;01
3563;373;02
3564;373;03
3565;373;04
3566;373;05
3567;373;06
3568;373;07
3569;373;08
3570;374;01
3571;374;02
3572;374;03
3573;374;04
3574;374;05
3575;374;06
3576;374;07
3577;374;08
3578;374;09
3579;375;01
3580;375;02
3581;375;03
3582;375;04
3583;375;05
3584;375;06
3585;375;07
3586;375;08
3587;375;09
3588;375;10
3589;375;11
3590;375;12
3591;376;01
3592;376;02
3593;376;03
3594;376;04
3595;376;05
3596;376;06
3597;376;07
3598;376;08
3599;376;09
3600;376;10
3601;376;11
3602;377;01
3603;377;02
3604;377;03
3605;377;04
3606;378;01
3607;378;02
3608;378;03
3609;378;04
3610;378;05
3611;378;06
3612;378;07
3613;379;01
3614;379;02
3615;379;03
3616;379;04
3617;379;05
3618;379;06
3619;380;01
3620;380;02
3621;380;03
3622;381;01
3623;382;01
3624;383;01
3625;384;01
3626;384;02
3627;384;03
3628;384;04
3629;384;05
3630;384;06
3631;384;07
3632;384;08
3633;384;09
3634;384;10
3635;384;11
3636;384;12
3637;384;13
3638;384;14
3639;384;15
3640;384;16
3641;384;17
3642;384;18
3643;384;19
3644;384;20
3645;384;21
3646;384;22
3647;384;23
3648;385;01
3649;385;02
3650;386;01
3651;386;02
3652;386;03
3653;386;04
3654;387;01
3655;387;02
3656;387;03
3657;387;04
3658;388;01
3659;389;01
3660;389;02
3661;390;01
3662;390;02
3663;391;01
3664;392;01
3665;392;02
3666;393;01
3667;393;02
3668;394;01
3669;394;02
3670;395;01
3671;395;02
3672;395;03
3673;395;04
3674;396;01
3675;396;02
3676;396;03
3677;396;04
3678;396;05
3679;396;06
3680;396;07
3681;396;08
3682;397;01
3683;397;02
3684;397;03
3685;397;04
3686;397;05
3687;397;06
3688;397;07
3689;397;08
3690;397;09
3691;397;10
3692;397;11
3693;398;01
3694;398;02
3695;398;03
3696;398;04
3697;398;05
3698;398;06
3699;398;07
3700;398;08
3701;398;09
3702;398;10
3703;398;11
3704;399;01
3705;399;02
3706;399;03
3707;399;04
3708;400;01
3709;401;01
3710;401;02
3711;401;03
3712;401;04
3713;401;05
3714;401;06
3715;401;07
3716;401;08
3717;401;09
3718;401;10
3719;401;11
3720;401;12
3721;401;13
3722;401;14
3723;401;15
3724;401;16
3725;401;17
3726;401;18
3727;401;19
3728;401;20
3729;401;21
3730;401;22
3731;401;23
3732;401;24
3733;401;25
3734;401;26
3735;401;27
3736;401;28
3737;402;01
3738;403;01
3739;404;01
3740;404;02
3741;404;03
3742;404;04
3743;405;01
3744;406;01
3745;406;02
3746;406;03
3747;406;04
3748;406;05
3749;407;01
3750;407;02
3751;408;01
3752;408;02
3753;408;03
3754;408;04
3755;409;01
3756;409;02
3757;409;03
3758;409;04
3759;409;05
3760;409;06
3761;410;01
3762;410;02
3763;411;01
3764;411;02
3765;412;01
3766;412;02
3767;412;03
3768;412;04
3769;412;05
3770;412;06
3771;412;07
3772;412;08
3773;412;09
3774;412;10
3775;412;11
3776;412;12
3777;412;13
3778;412;14
3779;412;15
3780;412;16
3781;412;17
3782;412;18
3783;412;19
3784;412;20
3785;412;21
3786;412;22
3787;412;23
3788;412;24
3789;413;01
3790;413;02
3791;414;01
3792;414;02
3793;415;01
3794;415;02
3795;415;03
3796;415;04
3797;416;01
3798;416;02
3799;416;03
3800;416;04
3801;416;05
3802;416;06
3803;416;07
3804;416;08
3805;417;01
3806;417;02
3807;418;01
3808;418;02
3809;418;03
3810;418;04
3811;418;05
3812;419;01
3813;419;02
3814;419;03
3815;420;01
3816;420;02
3817;421;01
3818;421;02
3819;422;01
3820;422;02
3821;423;01
3822;423;02
3823;424;01
3824;424;02
3825;424;03
3826;425;01
3827;425;02
3828;426;01
3829;426;02
3830;426;03
3831;426;04
3832;426;05
3833;426;06
3834;426;07
3835;426;08
3836;427;01
3837;427;02
3838;427;03
3839;428;01
3840;428;02
3841;428;03
3842;428;04
3843;429;01
3844;429;02
3845;429;03
3846;429;04
3847;429;05
3848;430;01
3849;430;02
3850;431;01
3851;431;02
3852;431;03
3853;432;01
3854;432;02
3855;432;03
3856;432;04
3857;432;05
3858;433;01
3859;433;02
3860;433;03
3861;434;01
3862;434;02
3863;434;03
3864;434;04
3865;434;05
3866;434;06
3867;434;07
3868;435;01
3869;435;02
3870;435;03
3871;435;04
3872;435;05
3873;435;06
3874;435;07
3875;436;01
3876;436;02
3877;436;03
3878;436;04
3879;436;05
3880;436;06
3881;437;01
3882;437;02
3883;437;03
3884;438;01
3885;438;02
3886;438;03
3887;438;04
3888;439;01
3889;439;02
3890;439;03
3891;439;04
3892;439;05
3893;439;06
3894;439;07
3895;440;01
3896;440;02
3897;441;01
3898;441;02
3899;441;03
3900;441;04
3901;442;01
3902;442;02
3903;442;03
3904;442;04
3905;442;05
3906;442;06
3907;442;07
3908;443;01
3909;443;02
3910;443;03
3911;443;04
3912;443;05
3913;444;01
3914;444;02
3915;445;01
3916;445;02
3917;445;03
3918;445;04
3919;446;01
3920;446;02
3921;446;03
3922;447;01
3923;447;02
3924;448;01
3925;448;02
3926;448;03
3927;449;01
3928;449;02
3929;449;03
3930;449;04
3931;450;01
3932;450;02
3933;451;01
3934;451;02
3935;451;03
3936;451;04
3937;452;01
3938;452;02
3939;452;03
3940;452;04
3941;452;05
3942;453;01
3943;453;02
3944;453;03
3945;453;04
3946;454;01
3947;454;02
3948;454;03
3949;454;04
3950;455;01
3951;455;02
3952;455;03
3953;455;04
3954;455;05
3955;455;06
3956;455;07
3957;455;08
3958;455;09
3959;455;10
3960;455;11
3961;455;12
3962;455;13
3963;455;14
3964;455;15
3965;455;16
3966;456;01
3967;456;02
3968;456;03
3969;456;04
3970;456;05
3971;456;06
3972;457;01
3973;457;02
3974;457;03
3975;458;01
3976;458;02
3977;458;03
3978;458;04
3979;458;05
3980;458;06
3981;458;07
3982;458;08
3983;458;09
3984;458;10
3985;458;11
3986;458;12
3987;458;13
3988;458;14
3989;459;01
3990;459;02
3991;459;03
3992;460;01
3993;460;02
3994;460;03
3995;460;04
3996;460;05
3997;460;06
3998;461;01
3999;461;02
4000;461;03
4001;461;04
4002;461;05
4003;461;06
4004;461;07
4005;461;08
4006;461;09
4007;461;10
4008;461;11
4009;461;12
4010;462;01
4011;462;02
4012;462;03
4013;462;04
4014;462;05
4015;462;06
4016;462;07
4017;462;08
4018;462;09
4019;462;10
4020;462;11
4021;462;12
4022;462;13
4023;463;01
4024;463;02
4025;463;03
4026;463;04
4027;463;05
4028;463;06
4029;463;07
4030;464;01
4031;464;02
4032;464;03
4033;464;04
4034;464;05
4035;464;06
4036;465;01
4037;465;02
4038;465;03
4039;466;01
4040;466;02
4041;466;03
4042;466;04
4043;466;05
4044;467;01
4045;467;02
4046;467;03
4047;467;04
4048;468;01
4049;468;02
4050;468;03
4051;468;04
4052;468;05
4053;468;90
4054;469;01
4055;469;02
4056;469;03
4057;469;04
4058;469;05
4059;469;06
4060;469;07
4061;469;08
4062;469;09
4063;469;10
4064;470;01
4065;470;02
4066;470;03
4067;470;04
4068;470;05
4069;470;92
4070;471;01
4071;471;02
4072;472;01
4073;472;02
4074;472;03
4075;472;04
4076;472;05
4077;472;06
4078;472;07
4079;472;08
4080;472;09
4081;472;10
4082;472;11
4083;472;12
4084;472;91
4085;473;01
4086;473;02
4087;473;03
4088;473;04
4089;473;05
4090;473;06
4091;473;07
4092;473;08
4093;473;09
4094;474;01
4095;474;02
4096;474;03
4097;474;04
4098;474;05
4099;475;01
4100;475;02
4101;475;03
4102;475;04
4103;475;05
4104;475;06
4105;475;07
4106;475;08
4107;475;09
4108;475;10
4109;475;11
4110;475;12
4111;475;13
4112;475;14
4113;475;15
4114;475;16
4115;475;17
4116;475;18
4117;475;19
4118;475;20
4119;475;21
4120;475;22
4121;475;23
4122;475;24
4123;475;25
4124;475;26
4125;475;27
4126;475;28
4127;476;01
4128;476;02
4129;476;03
4130;476;04
4131;476;05
4132;476;06
4133;476;07
4134;477;01
4135;477;02
4136;477;03
4137;477;04
4138;478;01
4139;478;02
4140;478;03
4141;478;04
4142;478;05
4143;478;06
4144;478;07
4145;478;08
4146;478;09
4147;478;10
4148;478;11
4149;478;12
4150;478;13
4151;478;14
4152;478;15
4153;478;16
4154;478;17
4155;478;18
4156;478;19
4157;478;20
4158;478;21
4159;478;22
4160;478;23
4161;478;24
4162;478;25
4163;478;26
4164;478;27
4165;478;28
4166;478;29
4167;478;30
4168;478;31
4169;478;32
4170;478;33
4171;478;34
4172;478;35
4173;478;36
4174;478;37
4175;478;38
4176;478;39
4177;478;40
4178;478;41
4179;478;42
4180;478;43
4181;478;44
4182;478;45
4183;478;46
4184;478;47
4185;478;48
4186;478;49
4187;478;50
4188;478;51
4189;478;52
4190;478;53
4191;478;54
4192;478;55
4193;478;56
4194;478;57
4195;478;58
4196;478;59
4197;478;60
4198;478;61
4199;478;62
4200;478;63
4201;478;64
4202;478;65
4203;478;66
4204;478;67
4205;478;68
4206;478;69
4207;478;70
4208;478;71
4209;478;72
4210;478;73
4211;478;74
4212;478;75
4213;478;76
4214;478;77
4215;478;78
4216;478;79
4217;478;80
4218;478;81
4219;478;95
4220;479;01
4221;479;02
4222;479;03
4223;479;04
4224;479;05
4225;479;06
4226;480;01
4227;480;02
4228;480;03
4229;480;04
4230;481;01
4231;481;02
4232;481;03
4233;481;04
4234;481;05
4235;482;01
4236;482;02
4237;482;03
4238;482;04
4239;483;01
4240;483;02
4241;483;03
4242;483;04
4243;483;05
4244;483;06
4245;483;07
4246;483;08
4247;483;93
4248;483;94
4249;483;96
4250;483;97
4251;484;01
4252;484;02
4253;484;03
4254;484;04
4255;484;05
4256;485;01
4257;485;02
4258;485;03
4259;485;04
4260;485;05
4261;485;06
4262;486;01
4263;486;02
4264;486;03
4265;487;01
4266;487;02
4267;487;03
4268;487;04
4269;487;05
4270;487;06
4271;487;07
4272;487;08
4273;487;09
4274;488;01
4275;488;02
4276;488;03
4277;489;01
4278;489;02
4279;489;03
4280;489;04
4281;489;05
4282;490;01
4283;490;02
4284;490;03
4285;490;04
4286;490;05
4287;490;06
4288;490;07
4289;490;08
4290;490;09
4291;490;10
4292;490;11
4293;490;12
4294;490;13
4295;490;14
4296;490;15
4297;490;16
4298;491;01
4299;491;02
4300;491;03
4301;492;01
4302;492;02
4303;492;03
4304;492;04
4305;492;05
4306;492;06
4307;492;08
4308;492;09
4309;492;10
4310;492;11
4311;492;12
4312;492;13
4313;492;14
4314;492;15
4315;492;16
4316;492;17
4317;493;01
4318;493;02
4319;493;03
4320;493;04
4321;493;05
4322;494;01
4323;494;02
4324;494;03
4325;494;04
4326;494;05
4327;494;06
4328;494;07
4329;495;01
4330;495;02
4331;495;03
4332;495;04
4333;495;05
4334;495;06
4335;496;01
4336;496;02
4337;496;03
4338;496;04
4339;496;05
4340;497;01
4341;497;02
4342;497;03
4343;497;04
4344;498;01
4345;498;02
4346;498;03
4347;498;04
4348;499;01
4349;499;02
4350;499;03
4351;499;04
4352;499;05
4353;499;06
4354;499;07
4355;500;01
4356;500;02
4357;500;03
4358;501;01
4359;501;02
4360;501;03
4361;502;01
4362;502;02
4363;502;03
4364;502;04
4365;502;05
4366;503;01
4367;503;02
4368;503;03
4369;503;04
4370;504;01
4371;504;02
4372;504;03
4373;504;04
4374;504;05
4375;504;06
4376;504;07
4377;504;08
4378;505;01
4379;505;02
4380;505;03
4381;506;01
4382;506;02
4383;506;03
4384;506;04
4385;506;05
4386;506;06
4387;506;07
4388;506;08
4389;506;09
4390;507;01
4391;507;02
4392;507;03
4393;508;01
4394;508;02
4395;508;03
4396;508;04
4397;509;01
4398;509;02
4399;509;03
4400;510;01
4401;510;02
4402;510;03
4403;511;01
4404;511;02
4405;511;03
4406;512;01
4407;512;02
4408;512;03
4409;513;01
4410;513;02
4411;513;03
4412;513;04
4413;513;05
4414;513;06
4415;513;07
4416;513;08
4417;513;09
4418;513;10
4419;514;01
4420;514;02
4421;514;03
4422;514;04
4423;514;05
4424;514;06
4425;514;07
4426;514;08
4427;514;09
4428;514;10
4429;514;11
4430;514;12
4431;514;13
4432;514;14
4433;514;15
4434;514;16
4435;515;01
4436;515;02
4437;515;03
4438;515;04
4439;515;05
4440;515;06
4441;515;07
4442;516;01
4443;516;02
4444;516;03
4445;517;01
4446;517;02
4447;517;03
4448;518;01
4449;518;02
4450;518;03
4451;518;04
4452;519;01
4453;519;02
4454;519;03
4455;519;04
4456;519;05
4457;519;06
4458;519;07
4459;520;01
4460;520;02
4461;520;03
4462;520;04
4463;520;05
4464;520;06
4465;520;07
4466;520;08
4467;520;09
4468;520;10
4469;520;11
4470;520;12
4471;520;13
4472;520;14
4473;521;01
4474;521;02
4475;521;03
4476;521;04
4477;521;05
4478;522;01
4479;522;02
4480;522;03
4481;522;04
4482;522;05
4483;522;06
4484;522;07
4485;522;08
4486;522;09
4487;522;10
4488;522;11
4489;522;12
4490;522;13
4491;522;14
4492;523;01
4493;523;02
4494;523;03
4495;523;04
4496;523;05
4497;523;06
4498;524;01
4499;524;02
4500;524;03
4501;524;04
4502;524;05
4503;524;06
4504;524;07
4505;524;08
4506;524;09
4507;524;10
4508;524;11
4509;524;12
4510;524;13
4511;524;14
4512;524;15
4513;524;16
4514;524;17
4515;524;18
4516;524;19
4517;524;20
4518;524;21
4519;524;22
4520;524;23
4521;524;24
4522;524;25
4523;524;26
4524;524;27
4525;524;28
4526;525;01
4527;525;02
4528;525;03
4529;525;04
4530;525;05
4531;525;06
4532;525;07
4533;525;08
4534;525;09
4535;525;10
4536;525;11
4537;525;12
4538;526;01
4539;526;02
4540;526;03
4541;526;04
4542;527;01
4543;527;02
4544;527;03
4545;527;04
4546;527;05
4547;527;06
4548;527;07
4549;527;08
4550;527;09
4551;528;01
4552;528;02
4553;528;03
4554;528;04
4555;529;01
4556;529;02
4557;529;03
4558;530;01
4559;530;02
4560;530;03
4561;530;04
4562;530;05
4563;530;06
4564;530;07
4565;530;08
4566;530;09
4567;530;10
4568;530;11
4569;531;01
4570;531;02
4571;531;03
4572;531;04
4573;531;05
4574;532;01
